unique_ID,SMILES,InChI,pka_type,pka_value,T,remarks,method,assessment,ref,ref_remarks,entry_remarks,original_IUPAC_names,name_contributors,num_name_contributors,original_IUPAC_nicknames,source,pressure,acidity_label,original_T,cosolvent
perrin2,CN,"InChI=1S/CH5N/c1-2/h2H2,1H3",pkb1,2.92,25,at 1000 atm,"C1, R1b",Approximate,B146,Thermodynamic quantities are derived from the results," Other measurements: refs. B72, C20, H16, M56, N28, P10","methane, amino-","['OPSIN_name1', 'chemaxon_name1']",2,,perrin,1000 (atm),B,,
perrin2,CN,"InChI=1S/CH5N/c1-2/h2H2,1H3",pkb1,2.59,25,at 2000 atm,"C1, R1b",Approximate,B146,Thermodynamic quantities are derived from the results," Other measurements: refs. B72, C20, H16, M56, N28, P10","methane, amino-","['OPSIN_name1', 'chemaxon_name1']",2,,perrin,2000 (atm),B,,
perrin2,CN,"InChI=1S/CH5N/c1-2/h2H2,1H3",pkb1,2.33,25,at 3000 atm,"C1, R1b",Approximate,B146,Thermodynamic quantities are derived from the results," Other measurements: refs. B72, C20, H16, M56, N28, P10","methane, amino-","['OPSIN_name1', 'chemaxon_name1']",2,,perrin,3000 (atm),B,,
perrin2,CN,"InChI=1S/CH5N/c1-2/h2H2,1H3",pkb1,3.04,45,at 1000 atm,"C1, R1b",Approximate,B146,Thermodynamic quantities are derived from the results," Other measurements: refs. B72, C20, H16, M56, N28, P10","methane, amino-","['OPSIN_name1', 'chemaxon_name1']",2,,perrin,1000 (atm),B,,
perrin2,CN,"InChI=1S/CH5N/c1-2/h2H2,1H3",pkb1,2.7,45,at 2000 atm,"C1, R1b",Approximate,B146,Thermodynamic quantities are derived from the results," Other measurements: refs. B72, C20, H16, M56, N28, P10","methane, amino-","['OPSIN_name1', 'chemaxon_name1']",2,,perrin,2000 (atm),B,,
perrin2,CN,"InChI=1S/CH5N/c1-2/h2H2,1H3",pkb1,2.43,45,at 3000 atm,"C1, R1b",Approximate,B146,Thermodynamic quantities are derived from the results," Other measurements: refs. B72, C20, H16, M56, N28, P10","methane, amino-","['OPSIN_name1', 'chemaxon_name1']",2,,perrin,3000 (atm),B,,
perrin6,CCOC(OCC)[SiH2]CN,"InChI=1S/C6H17NO2Si/c1-3-8-6(9-4-2)10-5-7/h6H,3-5,7,10H2,1-2H3",pkb1,4.8,25,,E3bg,Uncertain,N28,,,"methane, amino(diethoxymethylsilyl)-","['OPSIN_name1', 'chemaxon_name1']",2,,perrin,,B,room_temp.,
perrin7,CCO[Si](C)(C)CN,"InChI=1S/C5H15NOSi/c1-4-7-8(2,3)5-6/h4-6H2,1-3H3",pkb1,3.82,25,,E3bg,Uncertain,N28,,,"methane, amino(ethoxydimethylsilyl)-","['OPSIN_name1', 'chemaxon_name1']",2,,perrin,,B,room_temp.,
perrin9,CCO[Si](CN)(OCC)OCC,"InChI=1S/C7H19NO3Si/c1-4-9-12(7-8,10-5-2)11-6-3/h4-8H2,1-3H3",pkb,5.57,25,,E3bg,Uncertain,N28,,,"methane, amino(triethoxysilyl)-","['OPSIN_name1', 'chemaxon_name1']",2,,perrin,,B,room_temp.,
perrin10,C[Si](C)(C)CN,"InChI=1S/C4H13NSi/c1-6(2,3)4-5/h4-5H2,1-3H3",pkb,3.07,25,I<0.06,E3bg,Uncertain,N28,,,"methane, aminotrimethylsilyl-","['OPSIN_name1', 'manual_only_one']",2,,perrin,,B,room_temp.,
perrin18,CN(C)C,InChI=1S/C3H9N/c1-4(2)3/h1-3H3,pkb1,4.2,25,(m),"C1, R1b",Approximate,H18,," Other measurements: H16, H23, M56","methane, dimethylamino-","['OPSIN_name1', 'chemaxon_name1']",2,,perrin,,B,,
perrin18,CN(C)C,InChI=1S/C3H9N/c1-4(2)3/h1-3H3,pkb1,3.74,25,1000 atm,"C1, R1b",Uncertain,H18,," Other measurements: H16, H23, M56","methane, dimethylamino-","['OPSIN_name1', 'chemaxon_name1']",2,,perrin,1000 (atm),B,,
perrin18,CN(C)C,InChI=1S/C3H9N/c1-4(2)3/h1-3H3,pkb1,3.36,25,2000 atm,"C1, R1b",Uncertain,H18,," Other measurements: H16, H23, M56","methane, dimethylamino-","['OPSIN_name1', 'chemaxon_name1']",2,,perrin,2000 (atm),B,,
perrin18,CN(C)C,InChI=1S/C3H9N/c1-4(2)3/h1-3H3,pkb1,3.04,25,3000 atm,"C1, R1b",Uncertain,H18,," Other measurements: H16, H23, M56","methane, dimethylamino-","['OPSIN_name1', 'chemaxon_name1']",2,,perrin,3000 (atm),B,,
perrin26,CNC,"InChI=1S/C2H7N/c1-3-2/h3H,1-2H3",pkb1,3.23,25,(m),"C1, R1b",Approximate,H18,," Other measurements: H16, M52, M56","methane, methylamino-","['OPSIN_name1', 'chemaxon_name1']",2,,perrin,,B,,
perrin26,CNC,"InChI=1S/C2H7N/c1-3-2/h3H,1-2H3",pkb1,2.79,25,1000 atm,"C1, R1b",Uncertain,H18,," Other measurements: H16, M52, M56","methane, methylamino-","['OPSIN_name1', 'chemaxon_name1']",2,,perrin,1000 (atm),B,,
perrin26,CNC,"InChI=1S/C2H7N/c1-3-2/h3H,1-2H3",pkb1,2.44,25,2000 atm,"C1, R1b",Uncertain,H18,," Other measurements: H16, M52, M56","methane, methylamino-","['OPSIN_name1', 'chemaxon_name1']",2,,perrin,2000 (atm),B,,
perrin26,CNC,"InChI=1S/C2H7N/c1-3-2/h3H,1-2H3",pkb1,2.12,25,3000 atm,"C1, R1b",Uncertain,H18,," Other measurements: H16, M52, M56","methane, methylamino-","['OPSIN_name1', 'chemaxon_name1']",2,,perrin,3000 (atm),B,,
perrin30,C[Si](C)(C)CN[Si](C)(C)C,"InChI=1S/C7H21NSi2/c1-9(2,3)7-8-10(4,5)6/h8H,7H2,1-6H3",pkb1,3.4,25,I<0.004,E3bg,Uncertain,N28,,,"methane, trimethylsilyl-N-trimethylsilylamino-",['manual_inconsistent'],1,,perrin,,B,room_temp.,
perrin48,CN(C)N=C(N)C(F)(F)F,"InChI=1S/C4H8F3N3/c1-10(2)9-3(8)4(5,6)7/h1-2H3,(H2,8,9)",pkb1,10.03,,,,Uncertain,B131,,,"ethane, 1-amino-1-dimethylhydrazono-2-trifluoro-","['chemaxon_name1', 'manual_only_one']",2,,perrin,,B,,
perrin66,NCC(F)(F)F,"InChI=1S/C2H4F3N/c3-2(4,5)1-6/h1,6H2",pkb1,8.3,not_stated,C=0.004,E3bg,Uncertain,H44,,,"ethane, 1-amino-2,2,2-trifluoro-","['OPSIN_name1', 'chemaxon_name1']",2,,perrin,,B,,
perrin139,CC(C)N,"InChI=1S/C3H9N/c1-3(2)4/h3H,4H2,1-2H3",pkb1,3.4,25,I not given,E3dg,Uncertain,N28,,,"propane, 2-amino-","['OPSIN_name1', 'chemaxon_name1', 'cirpy_name1', 'pubchem_name1', 'pubchem_nickname']",5,,perrin,,B,room_temp.,
perrin147,CN(C)N=C(N)C(F)(F)C(F)(F)F,"InChI=1S/C5H8F5N3/c1-13(2)12-3(11)4(6,7)5(8,9)10/h1-2H3,(H2,11,12)",pkb1,10.14,,No details,,Uncertain,B131,,,"propane, 1-amino-1-dimethylhydrazono-2,2,3,3,3-pentafluoro-","['OPSIN_name1', 'chemaxon_name1']",2,,perrin,,B,,
perrin215,CC(C)NC[Si](C)(C)C,"InChI=1S/C7H19NSi/c1-7(2)8-6-9(3,4)5/h7-8H,6H2,1-5H3",pkb1,3.2,25,,E3bg,Uncertain,N28,,,"propane, 2-trimethylsilylmethylamino-","['OPSIN_name1', 'chemaxon_name1']",2,,perrin,,B,room_temp.,
perrin235,CN(C)N=C(N)C(F)(F)C(F)(F)C(F)(F)F,"InChI=1S/C6H8F7N3/c1-16(2)15-3(14)4(7,8)5(9,10)6(11,12)13/h1-2H3,(H2,14,15)",pkb1,10.17,,No details,,Uncertain,B131,,,"butane, 1-amino-1-dimethylhydrazono-2,2,3,3,4,4,4-heptafluoro-","['OPSIN_name1', 'chemaxon_name1']",2,,perrin,,B,,
perrin262,N=C(NN)C(F)(F)C(F)(F)C(F)(F)F,"InChI=1S/C4H4F7N3/c5-2(6,1(12)14-13)3(7,8)4(9,10)11/h13H2,(H2,12,14)",pkb1,10.76,,No details,,Uncertain,B131,,,"butane, 1,1,1,2,2,3,3-heptafluoro-4-hydrazino-4-imino-","['OPSIN_name1', 'chemaxon_name1']",2,,perrin,,B,,
perrin283,CCCCNCC(F)(F)C(F)(F)C(F)(F)CNCCCC,"InChI=1S/C13H24F6N2/c1-3-5-7-20-9-11(14,15)13(18,19)12(16,17)10-21-8-6-4-2/h20-21H,3-10H2,1-2H3",pkb1,6.93,not_stated,"C=0.002, temperature and method of pK calculation not stated",E3bg,Uncertain,M13,,,"pentane, 1,5-bis-n-butylamino-2,2,3,3,4,4-hexafluoro-","['OPSIN_name1', 'chemaxon_name1']",2,,perrin,,B,,
perrin283,CCCCNCC(F)(F)C(F)(F)C(F)(F)CNCCCC,"InChI=1S/C13H24F6N2/c1-3-5-7-20-9-11(14,15)13(18,19)12(16,17)10-21-8-6-4-2/h20-21H,3-10H2,1-2H3",pkb2,8.31,not_stated,"C=0.002, temperature and method of pK calculation not stated",E3bg,Uncertain,M13,,,"pentane, 1,5-bis-n-butylamino-2,2,3,3,4,4-hexafluoro-","['OPSIN_name1', 'chemaxon_name1']",2,,perrin,,B,,
perrin284,CC(C)(C)NCC(F)(F)C(F)(F)C(F)(F)CNC(C)(C)C,"InChI=1S/C13H24F6N2/c1-9(2,3)20-7-11(14,15)13(18,19)12(16,17)8-21-10(4,5)6/h20-21H,7-8H2,1-6H3",pkb1,7.11,not_stated,"C=0.002, temperature and method of pK calculation not stated",E3bg,Uncertain,M13,,,"pentane, 1,5-bis-t-butylamino-2,2,3,3,4,4-hexafluoro-","['OPSIN_name1', 'chemaxon_name1']",2,,perrin,,B,,
perrin284,CC(C)(C)NCC(F)(F)C(F)(F)C(F)(F)CNC(C)(C)C,"InChI=1S/C13H24F6N2/c1-9(2,3)20-7-11(14,15)13(18,19)12(16,17)8-21-10(4,5)6/h20-21H,7-8H2,1-6H3",pkb2,8.08,not_stated,"C=0.002, temperature and method of pK calculation not stated",E3bg,Uncertain,M13,,,"pentane, 1,5-bis-t-butylamino-2,2,3,3,4,4-hexafluoro-","['OPSIN_name1', 'chemaxon_name1']",2,,perrin,,B,,
perrin289,CC(C)NCC(F)(F)C(F)(F)C(F)(F)CNC(C)C,"InChI=1S/C11H20F6N2/c1-7(2)18-5-9(12,13)11(16,17)10(14,15)6-19-8(3)4/h7-8,18-19H,5-6H2,1-4H3",pkb1,6.99,not_stated,"C=0.002, temperature and method of pK calculation not stated",E3bg,Uncertain,M13,,,"pentane, 2,2,3,3,4,4-hexafluoro-1,5-bisisopropylamino-","['OPSIN_name1', 'chemaxon_name1']",2,,perrin,,B,,
perrin289,CC(C)NCC(F)(F)C(F)(F)C(F)(F)CNC(C)C,"InChI=1S/C11H20F6N2/c1-7(2)18-5-9(12,13)11(16,17)10(14,15)6-19-8(3)4/h7-8,18-19H,5-6H2,1-4H3",pkb2,8.28,not_stated,"C=0.002, temperature and method of pK calculation not stated",E3bg,Uncertain,M13,,,"pentane, 2,2,3,3,4,4-hexafluoro-1,5-bisisopropylamino-","['OPSIN_name1', 'chemaxon_name1']",2,,perrin,,B,,
perrin290,CNCC(F)(F)C(F)(F)C(F)(F)CNC,"InChI=1S/C7H12F6N2/c1-14-3-5(8,9)7(12,13)6(10,11)4-15-2/h14-15H,3-4H2,1-2H3",pkb1,7.18,not_stated,"C=0.002, temperature and method of pK calculation not stated",E3bg,Uncertain,M13,,,"pentane, 2,2,3,3,4,4-hexafluoro-1,5-bismethylamino-","['OPSIN_name1', 'chemaxon_name1']",2,,perrin,,B,,
perrin290,CNCC(F)(F)C(F)(F)C(F)(F)CNC,"InChI=1S/C7H12F6N2/c1-14-3-5(8,9)7(12,13)6(10,11)4-15-2/h14-15H,3-4H2,1-2H3",pkb2,8.3,not_stated,"C=0.002, temperature and method of pK calculation not stated",E3bg,Uncertain,M13,,,"pentane, 2,2,3,3,4,4-hexafluoro-1,5-bismethylamino-","['OPSIN_name1', 'chemaxon_name1']",2,,perrin,,B,,
perrin295,CN(C)N=C(N)C(F)(F)C(F)(F)C(F)(F)C(F)(F)C(F)(F)F,"InChI=1S/C8H8F11N3/c1-22(2)21-3(20)4(9,10)5(11,12)6(13,14)7(15,16)8(17,18)19/h1-2H3,(H2,20,21)",pkb1,10.18,,No details,,Uncertain,B131,,,"hexane, 1-amino-dimethylhydrazono-undecafluoro-","['OPSIN_name1', 'manual_only_one']",2,,perrin,,B,,
perrin298,CCCCNCCCCCCNCCCC,"InChI=1S/C14H32N2/c1-3-5-11-15-13-9-7-8-10-14-16-12-6-4-2/h15-16H,3-14H2,1-2H3",pkb1,2.72,not_stated,"C=0.002, temperature and method of pK calculation not stated",E3bg,Uncertain,M13,,,"hexane, 1,6-bis-n-butylamino-","['OPSIN_name1', 'chemaxon_name1']",2,,perrin,,B,,
perrin298,CCCCNCCCCCCNCCCC,"InChI=1S/C14H32N2/c1-3-5-11-15-13-9-7-8-10-14-16-12-6-4-2/h15-16H,3-14H2,1-2H3",pkb2,2.91,not_stated,"C=0.002, temperature and method of pK calculation not stated",E3bg,Uncertain,M13,,,"hexane, 1,6-bis-n-butylamino-","['OPSIN_name1', 'chemaxon_name1']",2,,perrin,,B,,
perrin299,CC(C)(C)NCCCCCCNC(C)(C)C,"InChI=1S/C14H32N2/c1-13(2,3)15-11-9-7-8-10-12-16-14(4,5)6/h15-16H,7-12H2,1-6H3",pkb1,2.98,not_stated,"C=0.002, temperature and method of pK calculation not stated",E3bg,Uncertain,M13,,,"hexane, 1,6-bis-t-butylamino-","['OPSIN_name1', 'chemaxon_name1']",2,,perrin,,B,,
perrin299,CC(C)(C)NCCCCCCNC(C)(C)C,"InChI=1S/C14H32N2/c1-13(2,3)15-11-9-7-8-10-12-16-14(4,5)6/h15-16H,7-12H2,1-6H3",pkb2,3,not_stated,"C=0.002, temperature and method of pK calculation not stated",E3bg,Uncertain,M13,,,"hexane, 1,6-bis-t-butylamino-","['OPSIN_name1', 'chemaxon_name1']",2,,perrin,,B,,
perrin301,CC(C)NCCCCCCNC(C)C,"InChI=1S/C12H28N2/c1-11(2)13-9-7-5-6-8-10-14-12(3)4/h11-14H,5-10H2,1-4H3",pkb1,2.79,not_stated,"C=0.002, temperature and method of pK calculation not stated",E3bg,Uncertain,M13,,,"hexane, 1,6-bisisopropylamino-","['OPSIN_name1', 'chemaxon_name1']",2,,perrin,,B,,
perrin301,CC(C)NCCCCCCNC(C)C,"InChI=1S/C12H28N2/c1-11(2)13-9-7-5-6-8-10-14-12(3)4/h11-14H,5-10H2,1-4H3",pkb2,3.06,not_stated,"C=0.002, temperature and method of pK calculation not stated",E3bg,Uncertain,M13,,,"hexane, 1,6-bisisopropylamino-","['OPSIN_name1', 'chemaxon_name1']",2,,perrin,,B,,
perrin304,N=C(NN)C(F)(F)C(F)(F)C(F)(F)C(F)(F)C(F)(F)F,"InChI=1S/C6H4F11N3/c7-2(8,1(18)20-19)3(9,10)4(11,12)5(13,14)6(15,16)17/h19H2,(H2,18,20)",pkb1,10.83,,No details,,Uncertain,B131,,,"hexane, undecafluoro-1-hydrazino-1-imino-","['OPSIN_name1', 'chemaxon_name1']",2,,perrin,,B,,
perrin372,C[Si](C)(C)CNC1CCCCC1,"InChI=1S/C10H23NSi/c1-12(2,3)9-11-10-7-5-4-6-8-10/h10-11H,4-9H2,1-3H3",pkb1,3.04,25,,E3bg,Uncertain,N28,,,"cyclohexane, trimethylsilylmethylamino-","['OPSIN_name1', 'chemaxon_name1']",2,,perrin,,B,room_temp.,
perrin383,CN=c1cccccc1NC,"InChI=1S/C9H12N2/c1-10-8-6-4-3-5-7-9(8)11-2/h3-7H,1-2H3,(H,10,11)",pkb1,3.8,,No details,,Uncertain,B94,,,"cyclohept-1,3,5-triene, 1-methylamino-7-methylimino-","['OPSIN_name1', 'chemaxon_name1']",2,,perrin,,B,,
perrin395,CC(=O)Nc1ccc(S(N)(=O)=O)cc1,"InChI=1S/C8H10N2O3S/c1-6(11)10-7-2-4-8(5-3-7)14(9,12)13/h2-5H,1H3,(H,10,11)(H2,9,12,13)",pkb1,12.6,25,"I=0.2 =corrected from glacial acetic acid, using calibration curve, chloranil electrode",O5,Uncertain,R25,,,"aniline, N'-acetyl-4-sulphamoyl-",['manual_no_smiles'],1,,perrin,,B,room_temp.,
perrin395,CC(=O)Nc1ccc(S(N)(=O)=O)cc1,"InChI=1S/C8H10N2O3S/c1-6(11)10-7-2-4-8(5-3-7)14(9,12)13/h2-5H,1H3,(H,10,11)(H2,9,12,13)",pkb1,12.2,,"I=0.2 =corrected from glacial acetic acid, using calibration curve, chloranil electrode",E3b,Uncertain,B47,,,"aniline, N'-acetyl-4-sulphamoyl-",['manual_no_smiles'],1,,perrin,,B,,
perrin397,Nc1ccccc1N,"InChI=1S/C6H8N2/c7-5-3-1-2-4-6(5)8/h1-4H,7-8H2",pkb1,9.51,,C=4x10-5,,,C5,,,"aniline, 2-amino-","['OPSIN_name1', 'chemaxon_name1']",2,,perrin,,B,,
perrin397,Nc1ccccc1N,"InChI=1S/C6H8N2/c7-5-3-1-2-4-6(5)8/h1-4H,7-8H2",pkb2,13.28,,C=4x10-5,,,C5,,,"aniline, 2-amino-","['OPSIN_name1', 'chemaxon_name1']",2,,perrin,,B,,
perrin399,Nc1ccc(N)cc1,"InChI=1S/C6H8N2/c7-5-1-2-6(8)4-3-5/h1-4H,7-8H2",pkb1,7.92,,"-log f = AI^[1/3]
Ref. corr. by K66",,,C5,, Other measurements: P56,"aniline, 4-amino-","['OPSIN_name1', 'chemaxon_name1']",2,,perrin,,B,,
perrin399,Nc1ccc(N)cc1,"InChI=1S/C6H8N2/c7-5-1-2-6(8)4-3-5/h1-4H,7-8H2",pkb2,11.03,,"-log f = AI^[1/3]
Ref. corr. by K66",,,C5,, Other measurements: P56,"aniline, 4-amino-","['OPSIN_name1', 'chemaxon_name1']",2,,perrin,,B,,
perrin401,Nc1ccc(C(=O)Nc2ccc(S(N)(=O)=O)cc2)cc1,"InChI=1S/C13H13N3O3S/c14-10-3-1-9(2-4-10)13(17)16-11-5-7-12(8-6-11)20(15,18)19/h1-8H,14H2,(H,16,17)(H2,15,18,19)",pkb1,11.57,,"I=0.2, corrected from glacial acetic acid, using calibration curve, chloranil electrode",E3b,Uncertain,B47,,,"aniline, N'-p-aminobenzoyl-4-sulphamoyl-",['manual_no_smiles'],1,,perrin,,B,,
perrin401,Nc1ccc(C(=O)Nc2ccc(S(N)(=O)=O)cc2)cc1,"InChI=1S/C13H13N3O3S/c14-10-3-1-9(2-4-10)13(17)16-11-5-7-12(8-6-11)20(15,18)19/h1-8H,14H2,(H,16,17)(H2,15,18,19)",pkb2,12.52,,"I=0.2, corrected from glacial acetic acid, using calibration curve, chloranil electrode",E3b,Uncertain,B47,,,"aniline, N'-p-aminobenzoyl-4-sulphamoyl-",['manual_no_smiles'],1,,perrin,,B,,
perrin404,N=C(NN)Nc1ccc(N)cc1,"InChI=1S/C7H11N5/c8-5-1-3-6(4-2-5)11-7(9)12-10/h1-4H,8,10H2,(H3,9,11,12)",pkb1,11.52,,"I=0.2, corrected from glacial acetic acid, using calibration curve, chloranil electrode",E3b,Uncertain,B47,,,"aniline, 4-aminoguanidino-",['manual_inconsistent'],1,,perrin,,B,,
perrin404,N=C(NN)Nc1ccc(N)cc1,"InChI=1S/C7H11N5/c8-5-1-3-6(4-2-5)11-7(9)12-10/h1-4H,8,10H2,(H3,9,11,12)",pkb2,12.7,,"I=0.2, corrected from glacial acetic acid, using calibration curve, chloranil electrode",E3b,Uncertain,B47,,,"aniline, 4-aminoguanidino-",['manual_inconsistent'],1,,perrin,,B,,
perrin407,Nc1ccc(Nc2ccc(S(N)(=O)=O)cc2)cc1,"InChI=1S/C12H13N3O2S/c13-9-1-3-10(4-2-9)15-11-5-7-12(8-6-11)18(14,16)17/h1-8,15H,13H2,(H2,14,16,17)",pkb1,<9,,"I=0.2, corrected from glacial acetic acid using calibration curve, chloranil electrode",E3b,Uncertain,B47,,,"aniline, N'-p-aminophenyl-4-sulphamoyl-",['manual_no_smiles'],1,,perrin,,B,,
perrin407,Nc1ccc(Nc2ccc(S(N)(=O)=O)cc2)cc1,"InChI=1S/C12H13N3O2S/c13-9-1-3-10(4-2-9)15-11-5-7-12(8-6-11)18(14,16)17/h1-8,15H,13H2,(H2,14,16,17)",pkb2,12.15,,"I=0.2, corrected from glacial acetic acid using calibration curve, chloranil electrode",E3b,Uncertain,B47,,,"aniline, N'-p-aminophenyl-4-sulphamoyl-",['manual_no_smiles'],1,,perrin,,B,,
perrin409,NC(=O)NS(=O)(=O)c1ccc(N)cc1,"InChI=1S/C7H9N3O3S/c8-5-1-3-6(4-2-5)14(12,13)10-7(9)11/h1-4H,8H2,(H3,9,10,11)",pkb1,12.22,,"I=0.2, corrected from glacial acetic acid using calibration curve, chloranil electrode",E3b,Uncertain,B47,," For pK of N-(anilinomethylene)aniline at 35 deg. C in 30% dioxan, see ref. D33","aniline, 4-ureidosulphonyl-","['OPSIN_name1', 'chemaxon_name1']",2,,perrin,,B,,
perrin412,NS(=O)(=O)c1ccc(NC(=O)c2ccccc2)cc1,"InChI=1S/C13H12N2O3S/c14-19(17,18)12-8-6-11(7-9-12)15-13(16)10-4-2-1-3-5-10/h1-9H,(H,15,16)(H2,14,17,18)",pkb1,12.22,,"I=0.2, corrected from glacial acetic acid using calibration curve, chloranil electrode",E3b,Uncertain,B47,,,"aniline, N'-benzoyl-4-sulphamoyl-",['manual_no_smiles'],1,,perrin,,B,,
perrin414,NS(=O)(=O)c1ccc(NOCc2ccccc2)cc1,"InChI=1S/C13H14N2O3S/c14-19(16,17)13-8-6-12(7-9-13)15-18-10-11-4-2-1-3-5-11/h1-9,15H,10H2,(H2,14,16,17)",pkb1,11.77,,,E,Uncertain,G29,,,"aniline, N'-benzyloxy-4-sulphamoyl-",['manual_no_smiles'],1,,perrin,,B,,
perrin538,CCS(=O)(=O)Nc1ccc(S(N)(=O)=O)cc1,"InChI=1S/C8H12N2O4S2/c1-2-15(11,12)10-7-3-5-8(6-4-7)16(9,13)14/h3-6,10H,2H2,1H3,(H2,9,13,14)",pkb1,12.52,,"I=0.2 =corrected from glacial acetic acid, using calibration curve, chloranil electrode",E3b,Uncertain,B47,,,"aniline, N'-ethylsulphonyl-4-sulphamoyl-",['manual_no_smiles'],1,,perrin,,B,,
perrin544,NS(=O)(=O)c1ccc(NCc2ccco2)cc1,"InChI=1S/C11H12N2O3S/c12-17(14,15)11-5-3-9(4-6-11)13-8-10-2-1-7-16-10/h1-7,13H,8H2,(H2,12,14,15)",pkb1,11.74,,"I=0.2, corrected from glacial acetic acid using calibration curve, chloranil electrode",E3b,Uncertain,B47,,,"aniline, N'-furfuryl-4-sulphamoyl-",['manual_no_smiles'],1,,perrin,,B,,
perrin545,N=C(N)NS(=O)(=O)c1ccc(N)cc1,"InChI=1S/C7H10N4O2S/c8-5-1-3-6(4-2-5)14(12,13)11-7(9)10/h1-4H,8H2,(H4,9,10,11)",pkb1,11.25,,"I=0.2, corrected from glacial acetic acid using calibration curve, chloranil electrode",E3b,Uncertain,B47,,,"aniline, 4-guanidinosulphonyl-","['OPSIN_name1', 'chemaxon_name1']",2,,perrin,,B,,
perrin545,N=C(N)NS(=O)(=O)c1ccc(N)cc1,"InChI=1S/C7H10N4O2S/c8-5-1-3-6(4-2-5)14(12,13)11-7(9)10/h1-4H,8H2,(H4,9,10,11)",pkb2,13.52,,"I=0.2, corrected from glacial acetic acid using calibration curve, chloranil electrode",E3b,Uncertain,B47,,,"aniline, 4-guanidinosulphonyl-","['OPSIN_name1', 'chemaxon_name1']",2,,perrin,,B,,
perrin555,NS(=O)(=O)c1ccc(NCCO)cc1,"InChI=1S/C8H12N2O3S/c9-14(12,13)8-3-1-7(2-4-8)10-5-6-11/h1-4,10-11H,5-6H2,(H2,9,12,13)",pkb1,11.7,,"I=0.2, corrected from glacial acetic acid, using calibration curve, chloranil electrode",E3b,Uncertain,B47,,,"aniline, N'-(2-hydroxy)ethyl-4-sulphamoyl-",['manual_no_smiles'],1,,perrin,,B,,
perrin580,CONc1ccc(S(N)(=O)=O)cc1,"InChI=1S/C7H10N2O3S/c1-12-9-6-2-4-7(5-3-6)13(8,10)11/h2-5,9H,1H3,(H2,8,10,11)",pkb1,12.03,,,E,Uncertain,G29,,,"aniline, N'-methoxy-4-sulphamoyl-",['manual_no_smiles'],1,,perrin,,B,,
perrin605,NS(=O)(=O)c1ccc(Nc2ccccc2)cc1,"InChI=1S/C12H12N2O2S/c13-17(15,16)12-8-6-11(7-9-12)14-10-4-2-1-3-5-10/h1-9,14H,(H2,13,15,16)",pkb1,11.85,,"I=0.2, corrected from glacial acetic acid, using calibration curve, chloranil electrode",E3b,Uncertain,B47,,,"aniline, N'-phenyl-4-sulphamoyl-",['manual_no_smiles'],1,,perrin,,B,,
perrin610,Nc1ccc(S(=O)(=O)Nc2ccccn2)cc1,"InChI=1S/C11H11N3O2S/c12-9-4-6-10(7-5-9)17(15,16)14-11-3-1-2-8-13-11/h1-8H,12H2,(H,13,14)",pkb1,11.42,,"I=0.2, corrected from glacial acetic acid, using calibration curve, chloranil electrode",E3b,Uncertain,B47,,,"aniline, N-2-pyridyl-4-sulphamoyl-","['OPSIN_name1', 'chemaxon_name1']",2,,perrin,,B,,
perrin610,Nc1ccc(S(=O)(=O)Nc2ccccn2)cc1,"InChI=1S/C11H11N3O2S/c12-9-4-6-10(7-5-9)17(15,16)14-11-3-1-2-8-13-11/h1-8H,12H2,(H,13,14)",pkb2,13,,"I=0.2, corrected from glacial acetic acid, using calibration curve, chloranil electrode",E3b,Uncertain,B47,,,"aniline, N-2-pyridyl-4-sulphamoyl-","['OPSIN_name1', 'chemaxon_name1']",2,,perrin,,B,,
perrin613,Nc1ccc(S(N)(=O)=O)cc1,"InChI=1S/C6H8N2O2S/c7-5-1-3-6(4-2-5)11(8,9)10/h1-4H,7H2,(H2,8,9,10)",pkb1,11.9,25,C=5x10-5,O5,Uncertain,R25,,,"aniline, 4-sulphamoyl-","['OPSIN_name1', 'chemaxon_name1']",2,,perrin,,B,room_temp.,
perrin613,Nc1ccc(S(N)(=O)=O)cc1,"InChI=1S/C6H8N2O2S/c7-5-1-3-6(4-2-5)11(8,9)10/h1-4H,7H2,(H2,8,9,10)",pkb1,11.64,,C=5x10-5,"E3bh, C",Uncertain,B47,,,"aniline, 4-sulphamoyl-","['OPSIN_name1', 'chemaxon_name1']",2,,perrin,,B,,
perrin619,Cc1ccccc1Nc1ccc(S(N)(=O)=O)cc1,"InChI=1S/C13H14N2O2S/c1-10-4-2-3-5-13(10)15-11-6-8-12(9-7-11)18(14,16)17/h2-9,15H,1H3,(H2,14,16,17)",pkb1,11.96,,"I=0.2, corrected from glacial acetic acid using calibration curve, chloranil electrode",E3b,Uncertain,B47,,,"aniline, N'-o-tolyl-4-sulphamoyl-",['manual_no_smiles'],1,,perrin,,B,,
perrin620,Cc1cccc(Nc2ccc(S(N)(=O)=O)cc2)c1,"InChI=1S/C13H14N2O2S/c1-10-3-2-4-12(9-10)15-11-5-7-13(8-6-11)18(14,16)17/h2-9,15H,1H3,(H2,14,16,17)",pkb1,11.89,,"I=0.2, corrected from glacial acetic acid using calibration curve, chloranil electrode",E3b,Uncertain,B47,,,"aniline, N'-m-tolyl-4-sulphamoyl-",['manual_no_smiles'],1,,perrin,,B,,
perrin621,Cc1ccc(Nc2ccc(S(N)(=O)=O)cc2)cc1,"InChI=1S/C13H14N2O2S/c1-10-2-4-11(5-3-10)15-12-6-8-13(9-7-12)18(14,16)17/h2-9,15H,1H3,(H2,14,16,17)",pkb1,11.85,,"I=0.2, corrected from glacial acetic acid using calibration curve, chloranil electrode",E3b,Uncertain,B47,,,"aniline, N'-p-tolyl-4-sulphamoyl-",['manual_no_smiles'],1,,perrin,,B,,
perrin633,C[Si](C)(C)CNc1ccccc1,"InChI=1S/C10H17NSi/c1-12(2,3)9-11-10-7-5-4-6-8-10/h4-8,11H,9H2,1-3H3",pkb,8.7,25,Few details,E3bg,Uncertain,N28,,,"aniline, N-(trimethylsilylmethyl)-","['OPSIN_name1', 'chemaxon_name1']",2,,perrin,,B,room_temp.,
perrin696,C[Si](C)(CN)c1ccccc1,"InChI=1S/C9H15NSi/c1-11(2,8-10)9-6-4-3-5-7-9/h3-7H,8,10H2,1-2H3",pkb1,3.64,25,,E3bg,Uncertain,N28,,,"benzene, Si-aminomethyldimethylsilyl-","['OPSIN_name1', 'manual_only_one']",2,,perrin,,B,room_temp.,
perrin719,N=C(c1ccccc1)c1ccccc1Cl,"InChI=1S/C13H10ClN/c14-12-9-5-4-8-11(12)13(15)10-6-2-1-3-7-10/h1-9,15H",pkb1,8.41,,C=0.004,"E, g",Uncertain,C56,,,"benzene, 1-chloro-2-iminobenzyl-","['OPSIN_name1', 'manual_only_one']",2,,perrin,,B,,
perrin720,N=C(c1ccccc1)c1cccc(Cl)c1,"InChI=1S/C13H10ClN/c14-12-8-4-7-11(9-12)13(15)10-5-2-1-3-6-10/h1-9,15H",pkb1,8.31,,C=0.004,"E, g",Uncertain,C56,,,"benzene, 1-chloro-3-iminobenzyl-","['OPSIN_name1', 'manual_only_one']",2,,perrin,,B,,
perrin735,N=C(c1ccccc1)c1ccc(O)cc1O,"InChI=1S/C13H11NO2/c14-13(9-4-2-1-3-5-9)11-7-6-10(15)8-12(11)16/h1-8,14-16H",pkb1,9,,C=0.004,"E, g",Uncertain,C56,,,"benzene, 1,3-dihydroxy-4-iminobenzyl-","['OPSIN_name1', 'manual_only_one']",2,,perrin,,B,,
perrin736,Cc1cc(O)cc(O)c1C(=N)c1ccccc1,"InChI=1S/C14H13NO2/c1-9-7-11(16)8-12(17)13(9)14(15)10-5-3-2-4-6-10/h2-8,15-17H,1H3",pkb1,7.25,,C=0.004,"E, g",Uncertain,C56,,,"benzene, 1,5-dihydroxy-2-iminobenzyl-3-methyl-","['OPSIN_name1', 'manual_only_one']",2,,perrin,,B,,
perrin751,N=C(c1ccccc1)c1ccccc1O,"InChI=1S/C13H11NO/c14-13(10-6-2-1-3-7-10)11-8-4-5-9-12(11)15/h1-9,14-15H",pkb1,9,,C=0.004,"E, g",Uncertain,C56,,,"benzene, 1-hydroxy-2-iminobenzyl-","['OPSIN_name1', 'manual_only_one']",2,,perrin,,B,,
perrin752,N=C(c1ccccc1)c1cccc(O)c1,"InChI=1S/C13H11NO/c14-13(10-5-2-1-3-6-10)11-7-4-8-12(15)9-11/h1-9,14-15H",pkb1,6.92,,C=0.004,"E, g",Uncertain,C56,,,"benzene, 1-hydroxy-3-iminobenzyl-","['OPSIN_name1', 'manual_only_one']",2,,perrin,,B,,
perrin753,N=C(c1ccccc1)c1ccc(O)cc1,"InChI=1S/C13H11NO/c14-13(10-4-2-1-3-5-10)11-6-8-12(15)9-7-11/h1-9,14-15H",pkb1,7.55,,C=0.004,"E, g",Uncertain,C56,,,"benzene, 1-hydroxy-4-iminobenzyl-","['OPSIN_name1', 'manual_only_one']",2,,perrin,,B,,
perrin754,COc1cc(O)ccc1C(=N)c1ccccc1,"InChI=1S/C14H13NO2/c1-17-13-9-11(16)7-8-12(13)14(15)10-5-3-2-4-6-10/h2-9,15-16H,1H3",pkb1,8.01,,C=0.004,"E, g",Uncertain,C56,,,"benzene, 1-hydroxy-4-iminobenzyl-3-methoxy-","['OPSIN_name1', 'manual_only_one']",2,,perrin,,B,,
perrin762,N=C(c1ccccc1)c1ccccc1,"InChI=1S/C13H11N/c14-13(11-7-3-1-4-8-11)12-9-5-2-6-10-12/h1-10,14H",pkb1,6.82,,C=0.004,"E, g",Uncertain,C56,,,"benzene, iminobenzyl-","['OPSIN_name1', 'manual_only_one']",2,,perrin,,B,,
perrin763,COc1ccc(C(=N)c2ccccc2)c(OC)c1,"InChI=1S/C15H15NO2/c1-17-12-8-9-13(14(10-12)18-2)15(16)11-6-4-3-5-7-11/h3-10,16H,1-2H3",pkb1,5.7,,C=0.004,"E, g",Uncertain,C56,,,"benzene, 1-iminobenzyl-2,4-dimethoxy-",['manual_no_smiles'],1,,perrin,,B,,
perrin764,Cc1ccc(C(=N)c2ccccc2)c(C)c1,"InChI=1S/C15H15N/c1-11-8-9-14(12(2)10-11)15(16)13-6-4-3-5-7-13/h3-10,16H,1-2H3",pkb1,7.21,,C=0.004,"E, g",Uncertain,C56,,,"benzene, 1-iminobenzyl-2,4-dimethyl-",['manual_no_smiles'],1,,perrin,,B,,
perrin765,Cc1ccc(C)c(C(=N)c2ccccc2)c1,"InChI=1S/C15H15N/c1-11-8-9-12(2)14(10-11)15(16)13-6-4-3-5-7-13/h3-10,16H,1-2H3",pkb1,7.21,,C=0.004,"E, g",Uncertain,C56,,,"benzene, 1-iminobenzyl-2,5-dimethyl-","['chemaxon_name1', 'manual_only_one']",2,,perrin,,B,,
perrin766,Cc1cccc(C)c1C(=N)c1ccccc1,"InChI=1S/C15H15N/c1-11-7-6-8-12(2)14(11)15(16)13-9-4-3-5-10-13/h3-10,16H,1-2H3",pkb1,7.71,,C=0.004,"E, g",Uncertain,C56,,,"benzene, 1-iminobenzyl-2,6-dimethyl-",['manual_no_smiles'],1,,perrin,,B,,
perrin767,Cc1cc(C)cc(C(=N)c2ccccc2)c1,"InChI=1S/C15H15N/c1-11-8-12(2)10-14(9-11)15(16)13-6-4-3-5-7-13/h3-10,16H,1-2H3",pkb1,6.82,,C=0.004,"E, g",Uncertain,C56,,,"benzene, 1-iminobenzyl-3,5-dimethyl-",['manual_no_smiles'],1,,perrin,,B,,
perrin768,COc1ccccc1C(=N)c1ccccc1,"InChI=1S/C14H13NO/c1-16-13-10-6-5-9-12(13)14(15)11-7-3-2-4-8-11/h2-10,15H,1H3",pkb1,6.71,,C=0.004,"E, g",Uncertain,C56,,,"benzene, 1-iminobenzyl-2-methoxy-",['manual_no_smiles'],1,,perrin,,B,,
perrin769,COc1cccc(C(=N)c2ccccc2)c1,"InChI=1S/C14H13NO/c1-16-13-9-5-8-12(10-13)14(15)11-6-3-2-4-7-11/h2-10,15H,1H3",pkb1,7.41,,C=0.004,"E, g",Uncertain,C56,,,"benzene, 1-iminobenzyl-3-methoxy-",['manual_no_smiles'],1,,perrin,,B,,
perrin770,Cc1ccccc1C(=N)c1ccccc1,"InChI=1S/C14H13N/c1-11-7-5-6-10-13(11)14(15)12-8-3-2-4-9-12/h2-10,15H,1H3",pkb1,7.21,,C=0.004,"E, g",Uncertain,C56,,,"benzene, 1-iminobenzyl-2-methyl-",['manual_no_smiles'],1,,perrin,,B,,
perrin783,OC1=CC(O)C(=NCc2ccccc2)C(O)=C1,"InChI=1S/C13H13NO3/c15-10-6-11(16)13(12(17)7-10)14-8-9-4-2-1-3-5-9/h1-7,11,15-17H,8H2",pkb,8.8,,C=0.004,"E, g",Uncertain,C56,,,"benzene, 1,3,5-trihydroxy-2-iminobenzyl-","['OPSIN_name1', 'manual_only_one']",2,,perrin,,B,,
perrin1010,CCCC1CCCCN1,"InChI=1S/C8H17N/c1-2-5-8-6-3-4-7-9-8/h8-9H,2-7H2,1H3",pkb1,3.1,not_stated,C=0.01 to 0.05,O2,Uncertain,K47,,,"piperidine, 2-n-propyl-","['OPSIN_name1', 'chemaxon_name1']",2,,perrin,,B,,
perrin1029,Nc1ncccc1C(=O)O,"InChI=1S/C6H6N2O2/c7-5-4(6(9)10)2-1-3-8-5/h1-3H,(H2,7,8)(H,9,10)",pkb1,11.6,,,,,C5,,,"pyridine, 2-amino-3-carboxy-","['OPSIN_name1', 'chemaxon_name1']",2,,perrin,,B,,
perrin1030,Nc1cccnc1C(=O)O,"InChI=1S/C6H6N2O2/c7-4-2-1-3-8-5(4)6(9)10/h1-3H,7H2,(H,9,10)",pkb1,12.67,,,,,C5,,,"pyridine, 3-amino-2-carboxy-","['OPSIN_name1', 'chemaxon_name1']",2,,perrin,,B,,
perrin1037,NCc1ccccn1,"InChI=1S/C6H8N2/c7-5-6-3-1-2-4-8-6/h1-4H,5,7H2",pkb1,6,,No details of temp. or concn,"E, h",Uncertain,C53,,,"pyridine, 2-aminomethyl-","['OPSIN_name1', 'chemaxon_name1', 'cirpy_name1', 'pubchem_name1', 'pubchem_nickname']",5,,perrin,,B,,
perrin1042,NCc1cccnc1,"InChI=1S/C6H8N2/c7-4-6-2-1-3-8-5-6/h1-3,5H,4,7H2",pkb1,5.96,,No details of temp. or concn,"E, h",Uncertain,C53,,,"pyridine, 3-aminomethyl-","['OPSIN_name1', 'chemaxon_name1']",2,,perrin,,B,,
perrin1047,Nc1ccc(S(=O)(=O)Nc2ccc(N)nc2)cc1,"InChI=1S/C11H12N4O2S/c12-8-1-4-10(5-2-8)18(16,17)15-9-3-6-11(13)14-7-9/h1-7,15H,12H2,(H2,13,14)",pkb1,9.8,,,E3bh,Uncertain,B47,,,"pyridine, 2-amino-5-sulphanilamido-",['manual_inconsistent'],1,,perrin,,B,,
perrin1047,Nc1ccc(S(=O)(=O)Nc2ccc(N)nc2)cc1,"InChI=1S/C11H12N4O2S/c12-8-1-4-10(5-2-8)18(16,17)15-9-3-6-11(13)14-7-9/h1-7,15H,12H2,(H2,13,14)",pkb2,12.1,,,E3bh,Uncertain,B47,,,"pyridine, 2-amino-5-sulphanilamido-",['manual_inconsistent'],1,,perrin,,B,,
perrin1048,Nc1ccc(S(=O)(=O)Nc2ccc(N)cn2)cc1,"InChI=1S/C11H12N4O2S/c12-8-1-4-10(5-2-8)18(16,17)15-11-6-3-9(13)7-14-11/h1-7H,12-13H2,(H,14,15)",pkb1,11,,"I=0.2, corrected from glacial acetic acid using calibration curve, chloranil electrode",E3bh,Uncertain,B47,,,"pyridine, 5-amino-2-sulphanilamido-",['manual_inconsistent'],1,,perrin,,B,,
perrin1048,Nc1ccc(S(=O)(=O)Nc2ccc(N)cn2)cc1,"InChI=1S/C11H12N4O2S/c12-8-1-4-10(5-2-8)18(16,17)15-11-6-3-9(13)7-14-11/h1-7H,12-13H2,(H,14,15)",pkb2,12.52,,"I=0.2, corrected from glacial acetic acid using calibration curve, chloranil electrode",E3bh,Uncertain,B47,,,"pyridine, 5-amino-2-sulphanilamido-",['manual_inconsistent'],1,,perrin,,B,,
perrin1066,Nc1ccc(S(=O)(=O)Nc2ccc(Br)nc2)cc1,"InChI=1S/C11H10BrN3O2S/c12-11-6-3-9(7-14-11)15-18(16,17)10-4-1-8(13)2-5-10/h1-7,15H,13H2",pkb1,12,,"I=0.2, corrected from glacial acetic acid using calibration curve, chloranil electrode",E3b,Uncertain,B47,,,"pyridine, 2-bromo-5-sulphanilamido-",['manual_inconsistent'],1,,perrin,,B,,
perrin1067,Nc1ccc(S(=O)(=O)Nc2ccc(Br)cn2)cc1,"InChI=1S/C11H10BrN3O2S/c12-8-1-6-11(14-7-8)15-18(16,17)10-4-2-9(13)3-5-10/h1-7H,13H2,(H,14,15)",pkb1,12.1,,"I=0.2, corrected from glacial acetic acid using calibration curve, chloranil electrode",E3b,Uncertain,B47,,,"pyridine, 5-bromo-2-sulphanilamido-",['manual_inconsistent'],1,,perrin,,B,,
perrin1254,Nc1ccc(S(=O)(=O)Nc2cccnc2)cc1,"InChI=1S/C11H11N3O2S/c12-9-3-5-11(6-4-9)17(15,16)14-10-2-1-7-13-8-10/h1-8,14H,12H2",pkb1,11,,"I=0.2, corrected from glacial acetic acid, using calibration curve, chloranil electrode",E3b,Uncertain,B47,,,"pyridine, 3-sulphanilamido-",['manual_inconsistent'],1,,perrin,,B,,
perrin1254,Nc1ccc(S(=O)(=O)Nc2cccnc2)cc1,"InChI=1S/C11H11N3O2S/c12-9-3-5-11(6-4-9)17(15,16)14-10-2-1-7-13-8-10/h1-8,14H,12H2",pkb2,12.4,,"I=0.2, corrected from glacial acetic acid, using calibration curve, chloranil electrode",E3b,Uncertain,B47,,,"pyridine, 3-sulphanilamido-",['manual_inconsistent'],1,,perrin,,B,,
perrin1261,C=Cc1ccccn1,"InChI=1S/C7H7N/c1-2-7-5-3-4-6-8-7/h2-6H,1H2",pkb1,9.08,,No details,,Uncertain,R11,,,"pyridine, 2-vinyl-","['OPSIN_name1', 'chemaxon_name1', 'cirpy_name1', 'pubchem_name1', 'pubchem_nickname']",5,,perrin,,B,,
perrin1338,NCc1ccc[nH]1,"InChI=1S/C5H8N2/c6-4-5-2-1-3-7-5/h1-3,7H,4,6H2",pkb1,5.05,,No details of temp. or concn,"E, h",Uncertain,C53,,,"pyrrole, 2-aminomethyl-","['OPSIN_name1', 'chemaxon_name1']",2,,perrin,,B,,
perrin1339,O=C(O)c1ccc[nH]1,"InChI=1S/C5H5NO2/c7-5(8)4-2-1-3-6-4/h1-3,6H,(H,7,8)",pkb1,12.52,,,E3bh,Uncertain,M1,,,"pyrrole, 2-carboxy-","['OPSIN_name1', 'chemaxon_name1']",2,,perrin,,B,,
perrin1344,C1CCNC1,"InChI=1S/C4H9N/c1-2-4-5-3-1/h5H,1-4H2",pkb1,2.89,,No details of temp. or concn,"E, h",Uncertain,C53,,,Pyrrolidine,"['OPSIN_name1', 'chemaxon_name1', 'cirpy_name1', 'pubchem_name1', 'pubchem_nickname']",5,,perrin,,B,,
perrin1347,c1ccc(CN2CCCC2)cc1,"InChI=1S/C11H15N/c1-2-6-11(7-3-1)10-12-8-4-5-9-12/h1-3,6-7H,4-5,8-10H2",pkb1,4.49,,No details of temp. or concn,"E, h",Uncertain,C53,,,"pyrrolidine, 1-benzyl-","['OPSIN_name1', 'chemaxon_name1', 'cirpy_name1', 'pubchem_name1', 'pubchem_nickname']",5,,perrin,,B,,
perrin1349,CCCCN1CCCC1,"InChI=1S/C8H17N/c1-2-3-6-9-7-4-5-8-9/h2-8H2,1H3",pkb1,3.64,,No details of temp. or concn,"E, h",Uncertain,C53,,,"pyrrolidine, 1-n-butyl-","['OPSIN_name1', 'chemaxon_name1']",2,,perrin,,B,,
perrin1351,CCCCC1CCCN1C,"InChI=1S/C9H19N/c1-3-4-6-9-7-5-8-10(9)2/h9H,3-8H2,1-2H3",pkb1,4.22,,No details of temp. or concn,E3bh,Uncertain,C52,,,"pyrrolidine, 2-n-butyl-1-methyl-","['OPSIN_name1', 'chemaxon_name1']",2,,perrin,,B,,
perrin1355,C1CCC(N2CCCC2)CC1,"InChI=1S/C10H19N/c1-2-6-10(7-3-1)11-8-4-5-9-11/h10H,1-9H2",pkb1,3.3,,No details of temp. or concn,"E, h",Uncertain,C53,,,"pyrrolidine, 1-cyclohexyl-","['OPSIN_name1', 'chemaxon_name1', 'cirpy_name1', 'pubchem_name1', 'pubchem_nickname']",5,,perrin,,B,,
perrin1357,CC1CCCN1C,"InChI=1S/C6H13N/c1-6-4-3-5-7(6)2/h6H,3-5H2,1-2H3",pkb1,4.22,,No details of temp. or concn,E3dh,Uncertain,C52,,,"pyrrolidine, 1,2-dimethyl-","['OPSIN_name1', 'chemaxon_name1']",2,,perrin,,B,,
perrin1359,CCC1CCCN1,"InChI=1S/C6H13N/c1-2-6-4-3-5-7-6/h6-7H,2-5H2,1H3",pkb1,3.57,,No details of temp. or concn,"E, h",Uncertain,C53,,,"pyrrolidine, 2-ethyl-","['OPSIN_name1', 'chemaxon_name1', 'pubchem_name1', 'pubchem_nickname']",4,,perrin,,B,,
perrin1361,CCC1CCCN1C,"InChI=1S/C7H15N/c1-3-7-5-4-6-8(7)2/h7H,3-6H2,1-2H3",pkb1,4.22,,No details of temp. or concn,E3dh,Uncertain,C52,,,"pyrrolidine, 2-ethyl-1-methyl-","['OPSIN_name1', 'chemaxon_name1', 'cirpy_name1', 'pubchem_name1', 'pubchem_nickname']",5,,perrin,,B,,
perrin1363,COc1ccc(C2CCCN2C)cc1,"InChI=1S/C12H17NO/c1-13-9-3-4-12(13)10-5-7-11(14-2)8-6-10/h5-8,12H,3-4,9H2,1-2H3",pkb1,5.1,,No details of temp. or concn,E3dh,Uncertain,C52,,,"pyrrolidine, 2-(p-methoxyphenyl)-1-methyl-","['OPSIN_name1', 'chemaxon_name1']",2,,perrin,,B,,
perrin1364,CN1CCCC1,"InChI=1S/C5H11N/c1-6-4-2-3-5-6/h2-5H2,1H3",pkb1,3.82,,No details of temp. or concn,E3dh,Uncertain,C52,,,"pyrrolidine, 1-methyl-","['OPSIN_name1', 'chemaxon_name1', 'cirpy_name1', 'pubchem_name1', 'pubchem_nickname']",5,,perrin,,B,,
perrin1365,CN1CCCC1c1ccccc1,"InChI=1S/C11H15N/c1-12-9-5-8-11(12)10-6-3-2-4-7-10/h2-4,6-7,11H,5,8-9H2,1H3",pkb1,5.2,,No details of temp. or concn,E3dh,Uncertain,C52,,,"pyrrolidine, 1-methyl-2-phenyl-","['OPSIN_name1', 'chemaxon_name1']",2,,perrin,,B,,
perrin1366,CCCC1CCCN1C,"InChI=1S/C8H17N/c1-3-5-8-6-4-7-9(8)2/h8H,3-7H2,1-2H3",pkb1,4.22,,No details of temp. or concn,E3dh,Uncertain,C52,,,"pyrrolidine, 1-methyl-2-n-propyl-","['OPSIN_name1', 'chemaxon_name1']",2,,perrin,,B,,
perrin1367,CN1CCC[C@H]1c1cccnc1,"InChI=1S/C10H14N2/c1-12-7-3-5-10(12)9-4-2-6-11-8-9/h2,4,6,8,10H,3,5,7H2,1H3/t10-/m0/s1",pkb,6.05,,No details of temp. or concn,"E, h",Uncertain,C53,," Other measurements: K48
For pKs of 2- and 2,5- substituted 1-methylpyrrolidines in 30% ethanol  see ref. L51","pyrrolidine, 1-methyl-2-(3-pyridyl)-","['OPSIN_name1', 'chemaxon_name1', 'pubchem_name1', 'pubchem_nickname']",4,,perrin,,B,,
perrin1368,c1ccc(N2CCCC2)cc1,"InChI=1S/C10H13N/c1-2-6-10(7-3-1)11-8-4-5-9-11/h1-3,6-7H,4-5,8-9H2",pkb1,9.7,,No details of temp. or concn,"E, h",Uncertain,C53,,,"pyrrolidine, 1-phenyl-","['OPSIN_name1', 'chemaxon_name1', 'cirpy_name1', 'pubchem_name1', 'pubchem_nickname']",5,,perrin,,B,,
perrin1369,c1ccc(C2CCCN2)cc1,"InChI=1S/C10H13N/c1-2-5-9(6-3-1)10-7-4-8-11-10/h1-3,5-6,10-11H,4,7-8H2",pkb1,4.4,,No details of temp. or concn,"E, h",Uncertain,C53,,,"pyrrolidine, 2-phenyl-","['OPSIN_name1', 'chemaxon_name1', 'pubchem_name1', 'pubchem_nickname']",4,,perrin,,B,,
perrin1373,Cc1ccc(N2CCCC2)cc1,"InChI=1S/C11H15N/c1-10-4-6-11(7-5-10)12-8-2-3-9-12/h4-7H,2-3,8-9H2,1H3",pkb1,9.3,,No details of temp. or concn,"E, h",Uncertain,C53,,,"pyrrolidine, 1-(p-tolyl)-","['OPSIN_name1', 'chemaxon_name1']",2,,perrin,,B,,
perrin1383,CCC1=CCCN1,"InChI=1S/C6H11N/c1-2-6-4-3-5-7-6/h4,7H,2-3,5H2,1H3",pkb1,6.57,,No details of temp. or concn,"E, h",Uncertain,C53,,,"2-Pyrroline, 2-ethyl-","['OPSIN_name1', 'chemaxon_name1']",2,,perrin,,B,,
perrin1514,Nc1ccc(S(=O)(=O)Nc2cnccn2)cc1,"InChI=1S/C10H10N4O2S/c11-8-1-3-9(4-2-8)17(15,16)14-10-7-12-5-6-13-10/h1-7H,11H2,(H,13,14)",pkb1,12.22,,"I=0.2, corrected from glacial acetic acid using calibration curve, chloranil electrode",E3b,Uncertain,B47,,,"pyrazine, 2-sulphanilamido-",['manual_inconsistent'],1,,perrin,,B,,
perrin1524,Cc1cc(=O)n(-c2ccccc2)n1C,"InChI=1S/C11H12N2O/c1-9-8-11(14)13(12(9)2)10-6-4-3-5-7-10/h3-8H,1-2H3",pkb1,11.2,not_stated,Estimated from titration in glacial acetic acid,E3bg,Uncertain,V7,,,"pyrazole, 2,3-dihydro-1,5-dimethyl-3-oxo-2-phenyl-","['OPSIN_name1', 'chemaxon_name1']",2,,perrin,,B,,
perrin1526,O=c1cc[nH][nH]1,"InChI=1S/C3H4N2O/c6-3-1-2-4-5-3/h1-2H,(H2,4,5,6)",pkb1,11.5,not_stated,Estimated from titration in glacial acetic acid,E3bg,Uncertain,V8,,,"pyrazole, 2,3-dihydro-3-oxo-","['OPSIN_name1', 'manual_only_one']",2,,perrin,,B,,
perrin1568,Nc1ccc(S(=O)(=O)Nc2cccnn2)cc1,"InChI=1S/C10H10N4O2S/c11-8-3-5-9(6-4-8)17(15,16)14-10-2-1-7-12-13-10/h1-7H,11H2,(H,13,14)",pkb1,11.52,,"I=0.2, corrected from glacial acetic acid using calibration curve, chloranil electrode",E3bh,Uncertain,B47,,,"pyridazine, 3-sulphanilamido-",['manual_inconsistent'],1,,perrin,,B,,
perrin1568,Nc1ccc(S(=O)(=O)Nc2cccnn2)cc1,"InChI=1S/C10H10N4O2S/c11-8-3-5-9(6-4-8)17(15,16)14-10-2-1-7-12-13-10/h1-7H,11H2,(H,13,14)",pkb2,12.7,,"I=0.2, corrected from glacial acetic acid using calibration curve, chloranil electrode",E3bh,Uncertain,B47,,,"pyridazine, 3-sulphanilamido-",['manual_inconsistent'],1,,perrin,,B,,
perrin1630,Nc1ccc(S(=O)(=O)Nc2nccc(N)n2)cc1,"InChI=1S/C10H11N5O2S/c11-7-1-3-8(4-2-7)18(16,17)15-10-13-6-5-9(12)14-10/h1-6H,11H2,(H3,12,13,14,15)",pkb1,10.87,,,E3bh,Uncertain,B47,,,"pyrimidine, 4-amino-2-sulphanilamido-",['manual_inconsistent'],1,,perrin,,B,,
perrin1726,Cc1cc(C)nc(NS(=O)(=O)c2ccc(N)cc2)n1,"InChI=1S/C12H14N4O2S/c1-8-7-9(2)15-12(14-8)16-19(17,18)11-5-3-10(13)4-6-11/h3-7H,13H2,1-2H3,(H,14,15,16)",pkb1,11.64,,"I=0.2, corrected from glacial acetic acid using calibration curve, chloranil electrode",E3bh,Uncertain,B47,,,"pyrimidine, 4,6-dimethyl-2-sulphanilamido-",['manual_inconsistent'],1,,perrin,,B,,
perrin1770,Cc1ccnc(NS(=O)(=O)c2ccc(N)cc2)n1,"InChI=1S/C11H12N4O2S/c1-8-6-7-13-11(14-8)15-18(16,17)10-4-2-9(12)3-5-10/h2-7H,12H2,1H3,(H,13,14,15)",pkb1,11.92,,"I=0.2, corrected from glacial acetic acid using calibration curve, chloranil electrode",E3b,Uncertain,B47,,,"pyrimidine, 4-methyl-2-sulphanilamido-",['manual_inconsistent'],1,,perrin,,B,,
perrin1775,Nc1ccc(S(=O)(=O)Nc2ncccn2)cc1,"InChI=1S/C10H10N4O2S/c11-8-2-4-9(5-3-8)17(15,16)14-10-12-6-1-7-13-10/h1-7H,11H2,(H,12,13,14)",pkb1,11.62,25,I=0.1(NaCl),O5,Uncertain,R25,,,"pyrimidine, 2-sulphanilamido-",['manual_inconsistent'],1,,perrin,,B,Room temp.,
perrin1775,Nc1ccc(S(=O)(=O)Nc2ncccn2)cc1,"InChI=1S/C10H10N4O2S/c11-8-2-4-9(5-3-8)17(15,16)14-10-12-6-1-7-13-10/h1-7H,11H2,(H,12,13,14)",pkb1,12,,"(pKb), I=0.2, corrected from glacial acetic acid, using calibration curve, chloranil electrode","E3bh, E3b",Uncertain,B47,,,"pyrimidine, 2-sulphanilamido-",['manual_inconsistent'],1,,perrin,,B,,
perrin1776,Nc1ccc(S(=O)(=O)Nc2ccncn2)cc1,"InChI=1S/C10H10N4O2S/c11-8-1-3-9(4-2-8)17(15,16)14-10-5-6-12-7-13-10/h1-7H,11H2,(H,12,13,14)",pkb1,10.66,,,E3bh,Uncertain,B47,,,"pyrimidine, 4-sulphanilamido-",['manual_inconsistent'],1,,perrin,,B,,
perrin1776,Nc1ccc(S(=O)(=O)Nc2ccncn2)cc1,"InChI=1S/C10H10N4O2S/c11-8-1-3-9(4-2-8)17(15,16)14-10-5-6-12-7-13-10/h1-7H,11H2,(H,12,13,14)",pkb2,12.7,,,E3bh,Uncertain,B47,,,"pyrimidine, 4-sulphanilamido-",['manual_inconsistent'],1,,perrin,,B,,
perrin1777,Nc1ccc(S(=O)(=O)Nc2cncnc2)cc1,"InChI=1S/C10H10N4O2S/c11-8-1-3-10(4-2-8)17(15,16)14-9-5-12-7-13-6-9/h1-7,14H,11H2",pkb1,12.1,,"I=0.2, corrected from glacial acetic acid using calibration curve, chloranil electrode",E3b,Uncertain,B47,,,"pyrimidine, 5-sulphanilamido-",['manual_inconsistent'],1,,perrin,,B,,
perrin1791,C1=CSCC=N1,"InChI=1S/C4H5NS/c1-3-6-4-2-5-1/h1-3H,4H2",pkb1,8.4,,No details,,Uncertain,B12,,,"1,4-Thiazine","['OPSIN_name1', 'pubchem_name1', 'pubchem_nickname']",3,,perrin,,B,,
perrin1796,Nc1ccc(S(=O)(=O)Nc2nccs2)cc1,"InChI=1S/C9H9N3O2S2/c10-7-1-3-8(4-2-7)16(13,14)12-9-11-5-6-15-9/h1-6H,10H2,(H,11,12)",pkb1,11.64,,"I=0.2, corrected from glacial acetic acid, using calibration curve, chloranil electrode",E3b,Uncertain,B47,, Other measurement: N25,"thiazole, 2-(p-amino)benzenesulphonamido-",['manual_no_smiles'],1,,perrin,,B,,
perrin1801,Cc1csc(NS(=O)(=O)c2ccc(N)cc2)n1,"InChI=1S/C10H11N3O2S2/c1-7-6-16-10(12-7)13-17(14,15)9-4-2-8(11)3-5-9/h2-6H,11H2,1H3,(H,12,13)",pkb,11.64,,"I=0.2, corrected from glacial acetic acid using calibration curve, chloranil electrode",E3b,Uncertain,B47,,,"thiazole, 4-methyl-2-sulphanilamido-",['manual_inconsistent'],1,,perrin,,B,,
perrin1806,Cc1nc(NS(=O)(=O)c2ccc(N)cc2)no1,"InChI=1S/C9H10N4O3S/c1-6-11-9(12-16-6)13-17(14,15)8-4-2-7(10)3-5-8/h2-5H,10H2,1H3,(H,12,13)",pkb1,12.3,,"I=0.2, corrected from glacial acetic acid using calibration curve, chloranil electrode",E3b,Uncertain,B47,,,"1,2,4-Oxadiazole, 5-methyl-3-sulphanilamido-",['manual_inconsistent'],1,,perrin,,B,,
perrin1807,Cc1nonc1NS(=O)(=O)c1ccc(N)cc1,"InChI=1S/C9H10N4O3S/c1-6-9(12-16-11-6)13-17(14,15)8-4-2-7(10)3-5-8/h2-5H,10H2,1H3,(H,12,13)",pkb1,12.1,,"I=0.2, corrected from glacial acetic acid using calibration curve, chloranil electrode",E3b,Uncertain,B47,,,"1,2,5-Oxadiazole, 4-methyl-3-sulphanilamido-",['manual_inconsistent'],1,,perrin,,B,,
perrin1817,Cc1nnc(NS(=O)(=O)c2ccc(N)cc2)s1,"InChI=1S/C9H10N4O2S2/c1-6-11-12-9(16-6)13-17(14,15)8-4-2-7(10)3-5-8/h2-5H,10H2,1H3,(H,12,13)",pkb1,11.8,,"I=0.2, corrected from glacial acetic acid using calibration curve, chloranil electrode",E3b,Uncertain,B47,,,"1,3,4-Thiadiazole, 5-methyl-2-sulphanilamido-",['manual_inconsistent'],1,,perrin,,B,,
perrin1818,Nc1ccc(S(=O)(=O)Nc2nncs2)cc1,"InChI=1S/C8H8N4O2S2/c9-6-1-3-7(4-2-6)16(13,14)12-8-11-10-5-15-8/h1-5H,9H2,(H,11,12)",pkb1,11.85,,"I=0.2, corrected from glacial acetic acid using calibration curve, chloranil electrode",E3b,Uncertain,B47,,,"1,3,4-Thiadiazole, 2-sulphanilamido-",['manual_inconsistent'],1,,perrin,,B,,
perrin2011,Oc1cccc2cccnc12,"InChI=1S/C9H7NO/c11-8-5-1-3-7-4-2-6-10-9(7)8/h1-6,11H",pkb1,9.09,not_stated,I=0.02,O5,Uncertain,P36,," Other measurements: B43, D41","quinoline, 8-hydroxy-","['OPSIN_name1', 'chemaxon_name1', 'cirpy_name1', 'pubchem_name1', 'pubchem_nickname']",5,,perrin,,B,,
perrin2013,Cc1cc(C)c2cccc(O)c2n1,"InChI=1S/C11H11NO/c1-7-6-8(2)12-11-9(7)4-3-5-10(11)13/h3-6,13H,1-2H3",pkb,7.8,not_stated,,O5,Uncertain,P36,,,"quinoline, 8-hydroxy-2,4-dimethyl-","['OPSIN_name1', 'chemaxon_name1']",2,,perrin,,B,,
perrin2014,Cc1cnc2c(O)cccc2c1C,"InChI=1S/C11H11NO/c1-7-6-12-11-9(8(7)2)4-3-5-10(11)13/h3-6,13H,1-2H3",pkb,8.2,not_stated,,O5,Uncertain,P36,,,"quinoline, 8-hydroxy-3,4-dimethyl-","['OPSIN_name1', 'chemaxon_name1']",2,,perrin,,B,,
perrin2017,Cc1ccc2cccc(O)c2n1,"InChI=1S/C10H9NO/c1-7-5-6-8-3-2-4-9(12)10(8)11-7/h2-6,12H,1H3",pkb1,8.45,not_stated,,O5,Uncertain,P36,,,"quinoline, 8-hydroxy-2-methyl-","['OPSIN_name1', 'chemaxon_name1']",2,,perrin,,B,,
perrin2019,Cc1ccnc2c(O)cccc12,"InChI=1S/C10H9NO/c1-7-5-6-11-10-8(7)3-2-4-9(10)12/h2-6,12H,1H3",pkb,8.44,not_stated,,O5,Uncertain,P36,,,"quinoline, 8-hydroxy-4-methyl-","['OPSIN_name1', 'chemaxon_name1']",2,,perrin,,B,,
perrin2022,Cc1cc(O)c2ncccc2c1S(=O)(=O)O,"InChI=1S/C10H9NO4S/c1-6-5-8(12)9-7(3-2-4-11-9)10(6)16(13,14)15/h2-5,12H,1H3,(H,13,14,15)",pkb,9.8,not_stated,Visual comparisons,O5,Uncertain,F10,,,"quinoline, 8-hydroxy-6-methyl-5-sulpho-","['OPSIN_name1', 'chemaxon_name1']",2,,perrin,,B,,
perrin2049,COc1cccc2cccnc12,"InChI=1S/C10H9NO/c1-12-9-6-2-4-8-5-3-7-11-10(8)9/h2-7H,1H3",pkb,8.99,not_stated,,O5,Uncertain,P36,,,"quinoline, 8-methoxy-","['OPSIN_name1', 'chemaxon_name1', 'cirpy_name1', 'pubchem_name1', 'pubchem_nickname']",5,,perrin,,B,,
perrin2050,COc1cccc2ccc(C)nc12,"InChI=1S/C11H11NO/c1-8-6-7-9-4-3-5-10(13-2)11(9)12-8/h3-7H,1-2H3",pkb,8.3,not_stated,,O5,Uncertain,P36,,,"quinoline, 8-methoxy-2-methyl-","['OPSIN_name1', 'chemaxon_name1', 'pubchem_name1', 'pubchem_nickname']",4,,perrin,,B,,
perrin2073,FC(F)(F)c1cccc2ncccc12,"InChI=1S/C10H6F3N/c11-10(12,13)8-4-1-5-9-7(8)3-2-6-14-9/h1-6H",pkb,10.9,,No details,"E, quinh.",Uncertain,P45,,,"quinoline, 5-trifluoromethyl-","['OPSIN_name1', 'chemaxon_name1']",2,,perrin,,B,,
perrin2074,FC(F)(F)c1ccc2cccnc2c1,"InChI=1S/C10H6F3N/c11-10(12,13)8-4-3-7-2-1-5-14-9(7)6-8/h1-6H",pkb,10.84,,No details,"E, quinh.",Uncertain,P45,,,"quinoline, 7-trifluoromethyl-","['OPSIN_name1', 'chemaxon_name1']",2,,perrin,,B,,
perrin2101,c1ccc2[nH]cnc2c1,"InChI=1S/C7H6N2/c1-2-4-7-6(3-1)8-5-9-7/h1-5H,(H,8,9)",pkb1,8.6,,C=0.01,E,,E15,," Other measurement: T5
For pKs of substituted benzimidazoles in 50% dioxan at 25 deg. C, see refs. L3, L7, L8; for pKs in 28.5% ethanol, see ref. 136",Benzimidazole,"['OPSIN_name1', 'chemaxon_name1', 'cirpy_name1', 'pubchem_name1', 'pubchem_nickname']",5,,perrin,,B,,
perrin2103,Nc1cccc2[nH]cnc12,"InChI=1S/C7H7N3/c8-5-2-1-3-6-7(5)10-4-9-6/h1-4H,8H2,(H,9,10)",pkb1,8.7,,,E,,E15,,,"benzimidazole, 4-amino-",['manual_inconsistent'],1,,perrin,,B,,
perrin2103,Nc1cccc2[nH]cnc12,"InChI=1S/C7H7N3/c8-5-2-1-3-6-7(5)10-4-9-6/h1-4H,8H2,(H,9,10)",pkb2,12.5,,,E,,E15,,,"benzimidazole, 4-amino-",['manual_inconsistent'],1,,perrin,,B,,
perrin2104,Nc1ccc2[nH]cnc2c1,"InChI=1S/C7H7N3/c8-5-1-2-6-7(3-5)10-4-9-6/h1-4H,8H2,(H,9,10)",pkb2,10.7,,"C=0.005, as dihydrochloride",E,,E15,,,"benzimidazole, 5-amino-",['manual_inconsistent'],1,,perrin,,B,,
perrin2104,Nc1ccc2[nH]cnc2c1,"InChI=1S/C7H7N3/c8-5-1-2-6-7(3-5)10-4-9-6/h1-4H,8H2,(H,9,10)",pkb1,7.4,,"C=0.005, as dihydrochloride",E,,E15,,,"benzimidazole, 5-amino-",['manual_inconsistent'],1,,perrin,,B,,
perrin2105,Nc1cccc2[nH]c(Cc3ccccc3)nc12,"InChI=1S/C14H13N3/c15-11-7-4-8-12-14(11)17-13(16-12)9-10-5-2-1-3-6-10/h1-8H,9,15H2,(H,16,17)",pkb1,8.6,,,E,,E13,,,"benzimidazole, 4-amino-2-benzyl-",['manual_inconsistent'],1,,perrin,,B,,
perrin2105,Nc1cccc2[nH]c(Cc3ccccc3)nc12,"InChI=1S/C14H13N3/c15-11-7-4-8-12-14(11)17-13(16-12)9-10-5-2-1-3-6-10/h1-8H,9,15H2,(H,16,17)",pkb2,11.9,,,E,,E13,,,"benzimidazole, 4-amino-2-benzyl-",['manual_inconsistent'],1,,perrin,,B,,
perrin2106,Nc1ccc2[nH]c(Cc3ccccc3)nc2c1,"InChI=1S/C14H13N3/c15-11-6-7-12-13(9-11)17-14(16-12)8-10-4-2-1-3-5-10/h1-7,9H,8,15H2,(H,16,17)",pkb1,7.6,,,E,,E13,,,"benzimidazole, 5-amino-2-benzyl-",['manual_inconsistent'],1,,perrin,,B,,
perrin2106,Nc1ccc2[nH]c(Cc3ccccc3)nc2c1,"InChI=1S/C14H13N3/c15-11-6-7-12-13(9-11)17-14(16-12)8-10-4-2-1-3-5-10/h1-7,9H,8,15H2,(H,16,17)",pkb2,10.7,,,E,,E13,,,"benzimidazole, 5-amino-2-benzyl-",['manual_inconsistent'],1,,perrin,,B,,
perrin2111,Cc1nc2c(N)cccc2[nH]1,"InChI=1S/C8H9N3/c1-5-10-7-4-2-3-6(9)8(7)11-5/h2-4H,9H2,1H3,(H,10,11)",pkb1,8.1,,,E,,E13,,,"benzimidazole, 4-amino-2-methyl-",['manual_inconsistent'],1,,perrin,,B,,
perrin2111,Cc1nc2c(N)cccc2[nH]1,"InChI=1S/C8H9N3/c1-5-10-7-4-2-3-6(9)8(7)11-5/h2-4H,9H2,1H3,(H,10,11)",pkb2,12.3,,,E,,E13,,,"benzimidazole, 4-amino-2-methyl-",['manual_inconsistent'],1,,perrin,,B,,
perrin2114,Cc1nc2cc(N)ccc2[nH]1,"InChI=1S/C8H9N3/c1-5-10-7-3-2-6(9)4-8(7)11-5/h2-4H,9H2,1H3,(H,10,11)",pkb1,7.1,,"C=0.005, as dihydrochloride",E,,E14,,,"benzimidazole, 5-amino-2-methyl-",['manual_inconsistent'],1,,perrin,,B,,
perrin2114,Cc1nc2cc(N)ccc2[nH]1,"InChI=1S/C8H9N3/c1-5-10-7-3-2-6(9)4-8(7)11-5/h2-4H,9H2,1H3,(H,10,11)",pkb2,11.2,,"C=0.005, as dihydrochloride",E,,E14,,,"benzimidazole, 5-amino-2-methyl-",['manual_inconsistent'],1,,perrin,,B,,
perrin2119,c1ccc(Cc2nc3ccccc3[nH]2)cc1,"InChI=1S/C14H12N2/c1-2-6-11(7-3-1)10-14-15-12-8-4-5-9-13(12)16-14/h1-9H,10H2,(H,15,16)",pkb1,8.9,,,E,,E15,,,"benzimidazole, 2-benzyl-","['OPSIN_name1', 'chemaxon_name1', 'cirpy_name1', 'pubchem_name1', 'pubchem_nickname']",5,,perrin,,B,,
perrin2120,Cc1ccc2nc(Cc3ccccc3)[nH]c2c1,"InChI=1S/C15H14N2/c1-11-7-8-13-14(9-11)17-15(16-13)10-12-5-3-2-4-6-12/h2-9H,10H2,1H3,(H,16,17)",pkb1,8,,,E,,E15,,,"benzimidazole, 2-benzyl-6-methyl-",['manual_inconsistent'],1,,perrin,,B,,
perrin2122,Clc1nc2ccccc2[nH]1,"InChI=1S/C7H5ClN2/c8-7-9-5-3-1-2-4-6(5)10-7/h1-4H,(H,9,10)",pkb1,11.4,9.6,,E,,E15,,,"benzimidazole, 2-chloro-","['OPSIN_name1', 'chemaxon_name1', 'cirpy_name1', 'pubchem_name1', 'pubchem_nickname']",5,,perrin,,B,,
perrin2124,N#CCCn1cnc2ccccc21,"InChI=1S/C10H9N3/c11-6-3-7-13-8-12-9-4-1-2-5-10(9)13/h1-2,4-5,8H,3,7H2",pkb,9.7,,,E,,E15,,,"benzimidazole, 1-cyanoethyl-","['OPSIN_name1', 'manual_only_one']",2,,perrin,,B,,
perrin2125,Cc1nc2ccccc2n1CCC#N,"InChI=1S/C11H11N3/c1-9-13-10-5-2-3-6-11(10)14(9)8-4-7-12/h2-3,5-6H,4,8H2,1H3",pkb,8.3,,,E,,E15,,,"benzimidazole, 1-cyanoethyl-2-methyl-","['OPSIN_name1', 'manual_only_one']",2,,perrin,,B,,
perrin2126,Cc1nc2cc(N)c(N)cc2[nH]1,"InChI=1S/C8H10N4/c1-4-11-7-2-5(9)6(10)3-8(7)12-4/h2-3H,9-10H2,1H3,(H,11,12)",pkb1,11.9,,,E,,E15,,,"benzimidazole, 5,6-diamino-2-methyl-","['OPSIN_name1', 'chemaxon_name1']",2,,perrin,,B,,
perrin2126,Cc1nc2cc(N)c(N)cc2[nH]1,"InChI=1S/C8H10N4/c1-4-11-7-2-5(9)6(10)3-8(7)12-4/h2-3H,9-10H2,1H3,(H,11,12)",pkb2,10.7,,,E,,E15,,,"benzimidazole, 5,6-diamino-2-methyl-","['OPSIN_name1', 'chemaxon_name1']",2,,perrin,,B,,
perrin2126,Cc1nc2cc(N)c(N)cc2[nH]1,"InChI=1S/C8H10N4/c1-4-11-7-2-5(9)6(10)3-8(7)12-4/h2-3H,9-10H2,1H3,(H,11,12)",pkb3,6.5,,,E,,E15,,,"benzimidazole, 5,6-diamino-2-methyl-","['OPSIN_name1', 'chemaxon_name1']",2,,perrin,,B,,
perrin2127,CCN(CC)CCc1nc2ccccc2[nH]1,"InChI=1S/C13H19N3/c1-3-16(4-2)10-9-13-14-11-7-5-6-8-12(11)15-13/h5-8H,3-4,9-10H2,1-2H3,(H,14,15)",pkb1,11.3,,,E,,E15,,,"benzimidazole, 2-diethylaminoethyl-","['OPSIN_name1', 'manual_only_one']",2,,perrin,,B,,
perrin2127,CCN(CC)CCc1nc2ccccc2[nH]1,"InChI=1S/C13H19N3/c1-3-16(4-2)10-9-13-14-11-7-5-6-8-12(11)15-13/h5-8H,3-4,9-10H2,1-2H3,(H,14,15)",pkb2,6.2,,,E,,E15,,,"benzimidazole, 2-diethylaminoethyl-","['OPSIN_name1', 'manual_only_one']",2,,perrin,,B,,
perrin2129,Cc1ccc2nc(C)[nH]c2c1,"InChI=1S/C9H10N2/c1-6-3-4-8-9(5-6)11-7(2)10-8/h3-5H,1-2H3,(H,10,11)",pkb1,8,,,E,,E15,,,"benzimidazole, 2,6-dimethyl-",['manual_inconsistent'],1,,perrin,,B,,
perrin2131,CN(C)c1nc2ccccc2[nH]1,"InChI=1S/C9H11N3/c1-12(2)9-10-7-5-3-4-6-8(7)11-9/h3-6H,1-2H3,(H,10,11)",pkb1,6.6,,,E,,E15,,,"benzimidazole, 2-dimethylamino-","['OPSIN_name1', 'chemaxon_name1', 'cirpy_name1', 'pubchem_name1', 'pubchem_nickname']",5,,perrin,,B,,
perrin2140,Oc1nc2ccccc2[nH]1,"InChI=1S/C7H6N2O/c10-7-8-5-3-1-2-4-6(5)9-7/h1-4H,(H2,8,9,10)",pkb1,11.6,,C=5x10-5,E,,E15,,,"benzimidazole, 2-hydroxy-","['OPSIN_name1', 'chemaxon_name1']",2,,perrin,,B,,
perrin2143,OCc1nc2ccccc2[nH]1,"InChI=1S/C8H8N2O/c11-5-8-9-6-3-1-2-4-7(6)10-8/h1-4,11H,5H2,(H,9,10)",pkb1,8.4,,"I=0.16(NaNO3), fH+ assumed equal to 0.81",E,,E15,,,"benzimidazole, 2-hydroxymethyl-","['OPSIN_name1', 'chemaxon_name1']",2,,perrin,,B,,
perrin2147,COC(=O)Cc1nc2ccccc2[nH]1,"InChI=1S/C10H10N2O2/c1-14-10(13)6-9-11-7-4-2-3-5-8(7)12-9/h2-5H,6H2,1H3,(H,11,12)",pkb1,9.4,,,E,,E15,,,"benzimidazole, 2-methoxycarbonylmethyl-","['OPSIN_name1', 'chemaxon_name1']",2,,perrin,,B,,
perrin2149,Cc1nc2ccccc2[nH]1,"InChI=1S/C8H8N2/c1-6-9-7-4-2-3-5-8(7)10-6/h2-5H,1H3,(H,9,10)",pkb1,8.3,,C=0.002,E,,E15,,,"benzimidazole, 2-methyl-","['OPSIN_name1', 'chemaxon_name1', 'cirpy_name1', 'pubchem_name1', 'pubchem_nickname']",5,,perrin,,B,,
perrin2152,Cc1nc2cc([N+](=O)[O-])c([N+](=O)[O-])cc2[nH]1,"InChI=1S/C8H6N4O4/c1-4-9-5-2-7(11(13)14)8(12(15)16)3-6(5)10-4/h2-3H,1H3,(H,9,10)",pkb2,11.2,,,E,,E15,,,"benzimidazole, 2-methyl-5,6-dinitro-","['OPSIN_name1', 'chemaxon_name1']",2,,perrin,,B,,
perrin2157,Cc1nc2cc([N+](=O)[O-])ccc2[nH]1,"InChI=1S/C8H7N3O2/c1-5-9-7-3-2-6(11(12)13)4-8(7)10-5/h2-4H,1H3,(H,9,10)",pkb1,9.7,,"In mono-, di-, and tri-chloroacetate buffers",E,,E15,," Note from transcription: Naming for “Benzimidazole, 2-methyl-5-(or 6)-nitro-”","benzimidazole, 2-methyl-5(6)-nitro-","['chemaxon_name1', 'manual_only_one']",2,,perrin,,B,,
perrin2160,O=[N+]([O-])c1ccc2[nH]cnc2c1,"InChI=1S/C7H5N3O2/c11-10(12)5-1-2-6-7(3-5)9-4-8-6/h1-4H,(H,8,9)",pkb1,10,,"In mono-, di-, and tri-chloroacetate buffers",E,,E15,," Note from transcription: Naming for “Benzimidazole, 5(6)-nitro-”","benzimidazole, 5(6)-nitro-","['chemaxon_name1', 'manual_only_one']",2,,perrin,,B,,
perrin2162,c1ccc(CCc2nc3ccccc3[nH]2)cc1,"InChI=1S/C15H14N2/c1-2-6-12(7-3-1)10-11-15-16-13-8-4-5-9-14(13)17-15/h1-9H,10-11H2,(H,16,17)",pkb1,7.9,,,E,,E15,,,"benzimidazole, 2-phenethyl-","['OPSIN_name1', 'chemaxon_name1']",2,,perrin,,B,,
perrin2163,c1ccc(-c2nc3ccccc3[nH]2)cc1,"InChI=1S/C13H10N2/c1-2-6-10(7-3-1)13-14-11-8-4-5-9-12(11)15-13/h1-9H,(H,14,15)",pkb1,9.2,,From hydrolytic equilibria,E,,E15,,,"benzimidazole, 2-phenyl-","['OPSIN_name1', 'chemaxon_name1', 'cirpy_name1', 'pubchem_name1', 'pubchem_nickname']",5,,perrin,,B,,
perrin2164,C(#Cc1nc2ccccc2[nH]1)c1ccccc1,"InChI=1S/C15H10N2/c1-2-6-12(7-3-1)10-11-15-16-13-8-4-5-9-14(13)17-15/h1-9H,(H,16,17)",pkb1,8.8,,,E,,E15,,,"benzimidazole, 2-phenylethynyl-","['OPSIN_name1', 'manual_only_one']",2,,perrin,,B,,
perrin2166,c1cncc(-c2nc3ccccc3[nH]2)c1,"InChI=1S/C12H9N3/c1-2-6-11-10(5-1)14-12(15-11)9-4-3-7-13-8-9/h1-8H,(H,14,15)",pkb1,12,,,E,,E15,,,"benzimidazole, 2-(3-pyridyl)-","['OPSIN_name1', 'chemaxon_name1', 'pubchem_name1', 'pubchem_nickname']",4,,perrin,,B,,
perrin2166,c1cncc(-c2nc3ccccc3[nH]2)c1,"InChI=1S/C12H9N3/c1-2-6-11-10(5-1)14-12(15-11)9-4-3-7-13-8-9/h1-8H,(H,14,15)",pkb2,11.3,,,E,,E15,,,"benzimidazole, 2-(3-pyridyl)-","['OPSIN_name1', 'chemaxon_name1', 'pubchem_name1', 'pubchem_nickname']",4,,perrin,,B,,
perrin2215,C1CN2CCCN2C1,InChI=1S/C6H12N2/c1-3-7-5-2-6-8(7)4-1/h1-6H2,pkb,6,not_stated,,E3bg,Uncertain,B147,,,"3a,6a-Diazaoctahydropentalene","['chemaxon_name1', 'manual_only_one']",2,,perrin,,B,,
perrin2875,CN1Cc2c(ccc3c2OCO3)[C@@H]2[C@H]1c1cc3c(cc1C[C@@H]2O)OCO3,"InChI=1S/C20H19NO5/c1-21-7-13-11(2-3-15-20(13)26-9-23-15)18-14(22)4-10-5-16-17(25-8-24-16)6-12(10)19(18)21/h2-3,5-6,14,18-19,22H,4,7-9H2,1H3/t14-,18-,19+/m0/s1",pkb,10.42,not_stated,Chromatography on buffered paper,,Uncertain,D20,,,Chelidonine,"['chemaxon_name1', 'cirpy_name1', 'pubchem_name1', 'pubchem_nickname']",4,,perrin,,B,,
perrin2926,CNCC/C=C/c1cccnc1,"InChI=1S/C10H14N2/c1-11-7-3-2-5-10-6-4-8-12-9-10/h2,4-6,8-9,11H,3,7H2,1H3/b5-2+",pkb,4.05,,No details of temp. or concn,"E, h",Uncertain,C53,,,Metanicotine,"['cirpy_name1', 'pubchem_name1', 'pubchem_nickname']",3,,perrin,,B,,
perrin2933,CN1CCC[C@H]1c1cccnc1,"InChI=1S/C10H14N2/c1-12-7-3-5-10(12)9-4-2-6-11-8-9/h2,4,6,8,10H,3,5,7H2,1H3/t10-/m0/s1",pkb,6.05,,No details,"E, h",Uncertain,C53,," Other measurements: B6, K48",Nicotine,"['OPSIN_name1', 'chemaxon_name1', 'cirpy_name1', 'pubchem_name1', 'pubchem_nickname']",5,,perrin,,B,,
perrin2942,COc1ccc(Cc2nccc3cc(OC)c(OC)cc23)cc1OC,"InChI=1S/C20H21NO4/c1-22-17-6-5-13(10-18(17)23-2)9-16-15-12-20(25-4)19(24-3)11-14(15)7-8-21-16/h5-8,10-12H,9H2,1-4H3",pkb,8,,C=0.0006 to 0.003,,,Z1,,,Papaverine,"['chemaxon_name1', 'cirpy_name1', 'pubchem_name1', 'pubchem_nickname']",4,,perrin,,B,,
perrin2953,CN1CCc2cc3c(cc2C(=O)Cc2ccc4c(c2C1)OCO4)OCO3,"InChI=1S/C20H19NO5/c1-21-5-4-13-7-18-19(25-10-24-18)8-14(13)16(22)6-12-2-3-17-20(15(12)9-21)26-11-23-17/h2-3,7-8H,4-6,9-11H2,1H3",pkb,8.01,not_stated,Chromatography on buffered paper,,Uncertain,D20,,,Protopine,['manual_inconsistent'],1,,perrin,,B,,
perrin2958,C=C[C@H]1CN2CC[C@H]1C[C@H]2[C@H](O)c1ccnc2ccc(OC)cc12,"InChI=1S/C20H24N2O2/c1-3-13-12-22-9-7-14(13)10-19(22)20(23)16-6-8-21-18-5-4-15(24-2)11-17(16)18/h3-6,8,11,13-14,19-20,23H,1,7,9-10,12H2,2H3/t13-,14-,19-,20+/m0/s1",pkb2,9.4,not_stated,"C=3x10-4, pH-dependence of fluorescence intensity",,Uncertain,E19,,,Quinine,['manual_inconsistent'],1,,perrin,,B,,
perrin3123,CCNCC(=O)N(CC)CC,"InChI=1S/C8H18N2O/c1-4-9-7-8(11)10(5-2)6-3/h9H,4-7H2,1-3H3",pkb,5.22,26,No details,E3b,Uncertain,B97,,,N-Ethylglycine diethylamide,"['OPSIN_name1', 'chemaxon_name1']",2,,perrin,,B,,
perrin3126,N[C@@H](CCC(=O)O)C(=O)O,"InChI=1S/C5H9NO4/c6-3(5(9)10)1-2-4(7)8/h3H,1-2,6H2,(H,7,8)(H,9,10)/t3-/m0/s1",pkb(2nd-conjugate),3.78,78,C=0.04,Kin,Uncertain,W41,, Other measurement H34,L-Glutamic acid,"['OPSIN_name1', 'chemaxon_name1', 'cirpy_name1', 'pubchem_name1', 'pubchem_nickname']",5,,perrin,,B,,
perrin3126,N[C@@H](CCC(=O)O)C(=O)O,"InChI=1S/C5H9NO4/c6-3(5(9)10)1-2-4(7)8/h3H,1-2,6H2,(H,7,8)(H,9,10)/t3-/m0/s1",pkb(2nd-conjugate),3.81,118,C=0.04,Kin,Uncertain,W41,, Other measurement H34,L-Glutamic acid,"['OPSIN_name1', 'chemaxon_name1', 'cirpy_name1', 'pubchem_name1', 'pubchem_nickname']",5,,perrin,,B,,
perrin3334,Cc1ncc(CO)c(CO)c1O,"InChI=1S/C8H11NO3/c1-5-8(12)7(4-11)6(3-10)2-9-5/h2,10-12H,3-4H2,1H3",pkb,9.21,,No details,,Uncertain,S81,,,Pyridoxine,"['OPSIN_name1', 'chemaxon_name1', 'cirpy_name1', 'pubchem_name1', 'pubchem_nickname']",5,,perrin,,B,,
perrin3761,CN(C)N(C)C,InChI=1S/C4H12N2/c1-5(2)6(3)4/h1-4H3,pkb,7.7,not_stated,No details,E3b,Uncertain,C39,,,"hydrazine, tetramethyl-","['OPSIN_name1', 'pubchem_name1', 'pubchem_nickname']",3,,perrin,,B,,
perrin3762,CNN(C)C,"InChI=1S/C3H10N2/c1-4-5(2)3/h4H,1-3H3",pkb,7.22,not_stated,No details,E3b,Uncertain,C39,,,"hydrazine, trimethyl-","['OPSIN_name1', 'cirpy_name1', 'pubchem_name1', 'pubchem_nickname']",4,,perrin,,B,,
perrin3766,CC(C)N1CC[Si](C)(C)O[Si](C)(C)C1,"InChI=1S/C10H25NOSi2/c1-10(2)11-7-8-13(3,4)12-14(5,6)9-11/h10H,7-9H2,1-6H3",pkb,Room temp.,Few details,,E3bg,Uncertain,N28,,,"1,4,2,6-Oxazadisilacyclohexane, 2,2,6,6-tetramethyl-4-isopropyl-",['manual_no_smiles'],1,,perrin,,B,,
perrin_supp4009,NCCCl,"InChI=1S/C2H6ClN/c3-1-2-4/h1-2,4H2",pkb,5.44,21,,E3bg,Approximate,R19,,,"ethane, 1-amino-2-chloro-","['OPSIN_name1', 'chemaxon_name1']",2,,perrin_supp,,B,,
perrin_supp4024,NCC(Cl)(Cl)Cl,"InChI=1S/C2H4Cl3N/c3-2(4,5)1-6/h1,6H2",pkb,8.74,20,,E3bg,Approximate,R19,,,"ethane, 1-amino-2,2,2-trichloro-","['OPSIN_name1', 'chemaxon_name1']",2,,perrin_supp,,B,,
perrin_supp4025,NCC(F)(F)F,"InChI=1S/C2H4F3N/c3-2(4,5)1-6/h1,6H2",pkb,8.4,25,C=0.05M,E3bg,Approximate,R19,,,"ethane, 1-amino-2,2,2-trifluoro-","['OPSIN_name1', 'chemaxon_name1']",2,,perrin_supp,,B,,
perrin_supp4102,NCC(Cl)(Cl)C(Cl)(Cl)Cl,"InChI=1S/C3H4Cl5N/c4-2(5,1-9)3(6,7)8/h1,9H2",pkb,7.42,23,,E3bg,Approximate,R19,,,"propane, 1-amino-2,2,3,3,3-pentachloro-","['OPSIN_name1', 'chemaxon_name1']",2,,perrin_supp,,B,,
perrin_supp4104,NCC(Cl)(Cl)CCl,"InChI=1S/C3H6Cl3N/c4-1-3(5,6)2-7/h1-2,7H2",pkb,8,23,,E3bg,Approximate,R19,,,"propane, 1-amino-2,2,3-trichloro-","['OPSIN_name1', 'chemaxon_name1']",2,,perrin_supp,,B,,
perrin_supp4138,NCC(Cl)=C(Cl)Cl,"InChI=1S/C3H4Cl3N/c4-2(1-7)3(5)6/h1,7H2",pkb,6.72,22,,E3bg,Approximate,R19,,,"prop-2-ene, 1-amino-2,3,3-trichloro-","['OPSIN_name1', 'chemaxon_name1']",2,,perrin_supp,,B,,
perrin_supp4161,CCCCN(CCCC)CCCC,"InChI=1S/C12H27N/c1-4-7-10-13(11-8-5-2)12-9-6-3/h4-12H2,1-3H3",pkb,5.4,,,,,P51,,,"butane, 1-dibutylamino-","['OPSIN_name1', 'chemaxon_name1']",2,,perrin_supp,,B,,
perrin_supp4188,NCC(Cl)=C(Cl)C(Cl)=C(Cl)Cl,"InChI=1S/C5H4Cl5N/c6-2(1-11)3(7)4(8)5(9)10/h1,11H2",pkb,7.22,22,,E3bg,Approximate,R19,,,"penta-2-4-diene, 1-amino-2,3,4,5,5-pentachloro-",['manual_no_smiles'],1,,perrin_supp,,B,,
perrin_supp4191,CCC(C)CC(C)N,"InChI=1S/C7H17N/c1-4-6(2)5-7(3)8/h6-7H,4-5,8H2,1-3H3",pkb,3.46,not_stated,,E3dg,Uncertain,C10,,,"hexane, 2-amino-4-methyl-","['OPSIN_name1', 'chemaxon_name1']",2,,perrin_supp,,B,,
perrin_supp4198,CCCCCC(C)N,"InChI=1S/C7H17N/c1-3-4-5-6-7(2)8/h7H,3-6,8H2,1-2H3",pkb,3.52,not_stated,,E3dg,Uncertain,C10,,,"heptane, 2-amino-","['OPSIN_name1', 'chemaxon_name1']",2,,perrin_supp,,B,,
perrin_supp4207,CCCCCCCCCCCCN,"InChI=1S/C12H27N/c1-2-3-4-5-6-7-8-9-10-11-12-13/h2-13H2,1H3",pkb,3.37,25,,,,M23,,,"dodecane, 1-amino-","['OPSIN_name1', 'chemaxon_name1']",2,,perrin_supp,,B,,
perrin_supp4226,NC1CCC1,"InChI=1S/C4H9N/c5-4-2-1-3-4/h4H,1-3,5H2",pkb,3.96,25,,E3dg,Uncertain,W17,,,"cyclobutane, amino-","['OPSIN_name1', 'chemaxon_name1']",2,,perrin_supp,,B,,
perrin_supp4232,CNC(C)CC1CCCC1,"InChI=1S/C9H19N/c1-8(10-2)7-9-5-3-4-6-9/h8-10H,3-7H2,1-2H3",pkb,3.53,not_stated,,E3dg,Uncertain,C10,,,"cyclopentane, (2-methylamino)propyl-","['chemaxon_name1', 'manual_only_one']",2,,perrin_supp,,B,,
perrin_supp4248,CNC(C)CC1CCCCC1,"InChI=1S/C10H21N/c1-9(11-2)8-10-6-4-3-5-7-10/h9-11H,3-8H2,1-2H3",pkb,3.48,,,,,K21,,,"cyclohexane, (2-methylamino)propyl-","['chemaxon_name1', 'manual_only_one']",2,,perrin_supp,,B,,
perrin_supp4251,NC12CC(C1)C2,"InChI=1S/C5H9N/c6-5-1-4(2-5)3-5/h4H,1-3,6H2",pkb,5.42,25,C=0.01M,E3dg,Uncertain,W17,,,"bicyclo[1.1.1]pentane, 1-amino-","['OPSIN_name1', 'chemaxon_name1']",2,,perrin_supp,,B,,
perrin_supp4252,NC12CCC(CC1)C2,"InChI=1S/C7H13N/c8-7-3-1-6(5-7)2-4-7/h6H,1-5,8H2",pkb,4.7,25,C=0.01M,E3dg,Uncertain,W16,,,"bicyclo[2.2.1]hexane, 1-amino-","['chemaxon_name1', 'manual_only_one']",2,,perrin_supp,,B,,
perrin_supp4253,NC12CCC(CC1)C2,"InChI=1S/C7H13N/c8-7-3-1-6(5-7)2-4-7/h6H,1-5,8H2",pkb,3.8,25,C=0.01M,E3dg,Uncertain,W16,,,"bicyclo[2.2.1]heptane, 1-amino-","['OPSIN_name1', 'chemaxon_name1']",2,,perrin_supp,,B,,
perrin_supp4258,CCOc1ccc(NC(C)=O)cc1,"InChI=1S/C10H13NO2/c1-3-13-10-6-4-9(5-7-10)11-8(2)12/h4-7H,3H2,1-2H3,(H,11,12)",pkb,11.8,,,E,,E25,,,"aniline, N-acetyl-4-ethoxy-","['OPSIN_name1', 'chemaxon_name1']",2,,perrin_supp,,B,,
perrin_supp4640,COc1cccc(OC)c1CC(N)CO,"InChI=1S/C11H17NO3/c1-14-10-4-3-5-11(15-2)9(10)6-8(12)7-13/h3-5,8,13H,6-7,12H2,1-2H3",pkb,4.82,not_stated,,E3dg,Uncertain,C10,,,"benzene, (2-amino-3-hydroxy)propyl-2,5-dimethoxy-",['manual_no_smiles'],1,,perrin_supp,,B,,
perrin_supp4810,CNC(C)Cc1ccccc1,"InChI=1S/C10H15N/c1-9(11-2)8-10-6-4-3-5-7-10/h3-7,9,11H,8H2,1-2H3",pkb,3.8,,no details,,,K21,,,"benzene, (2-methylamino)propyl-","['chemaxon_name1', 'manual_only_one']",2,,perrin_supp,,B,,
perrin_supp4810,CNC(C)Cc1ccccc1,"InChI=1S/C10H15N/c1-9(11-2)8-10-6-4-3-5-7-10/h3-7,9,11H,8H2,1-2H3",pkb,3.89,,no details,,Uncertain,T14,,,"benzene, (2-methylamino)propyl-","['chemaxon_name1', 'manual_only_one']",2,,perrin_supp,,B,,
perrin_supp4811,CNCCCc1ccccc1,"InChI=1S/C10H15N/c1-11-9-5-8-10-6-3-2-4-7-10/h2-4,6-7,11H,5,8-9H2,1H3",pkb,3.57,,no details,,Uncertain,T14,,,"benzene, (3-methylamino)propyl-","['chemaxon_name1', 'manual_only_one']",2,,perrin_supp,,B,,
perrin_supp4812,CNC(C)(C)Cc1ccccc1,"InChI=1S/C11H17N/c1-11(2,12-3)9-10-7-5-4-6-8-10/h4-8,12H,9H2,1-3H3",pkb,3.62,not_stated,,E3dg,Uncertain,C10,,,"benzene, (2-methyl-2-methylamino)propyl-",['manual_no_smiles'],1,,perrin_supp,,B,,
perrin_supp5481,c1ccc2c(CC3NCCN3)cccc2c1,"InChI=1S/C14H16N2/c1-2-7-13-11(4-1)5-3-6-12(13)10-14-15-8-9-16-14/h1-7,14-16H,8-10H2",pkb,3.86,not_stated,,E3dg,Uncertain,C10,,,"imidazolidine, 2-(1-naphthyl)methyl-","['OPSIN_name1', 'chemaxon_name1']",2,,perrin_supp,,B,,
perrin_supp5572,C1CNCCN1,"InChI=1S/C4H10N2/c1-2-6-4-3-5-1/h5-6H,1-4H2",pkb1,4.19,,"I=0.1(KCl), ""mixed"" constants",,,D18,Thermodynamic quantities are derived from the results,,Piperazine,"['OPSIN_name1', 'chemaxon_name1', 'cirpy_name1', 'pubchem_name1']",4,,perrin_supp,,B,,
perrin_supp5572,C1CNCCN1,"InChI=1S/C4H10N2/c1-2-6-4-3-5-1/h5-6H,1-4H2",pkb2,8.43,,"I=0.1(KCl), ""mixed"" constants",,,D18,Thermodynamic quantities are derived from the results,,Piperazine,"['OPSIN_name1', 'chemaxon_name1', 'cirpy_name1', 'pubchem_name1']",4,,perrin_supp,,B,,
perrin_supp5651,Cc1cc(=O)n(-c2ccccc2)n1C,"InChI=1S/C11H12N2O/c1-9-8-11(14)13(12(9)2)10-6-4-3-5-7-10/h3-8H,1-2H3",pkb,11.3,,No details,E,,E25,,,"pyrazole, 2,3-dihydro-1,5-dimethyl-3-oxo-2-phenyl-","['OPSIN_name1', 'chemaxon_name1']",2,,perrin_supp,,B,,
perrin_supp5694,Cc1c(N(C)C)c(=O)n(-c2ccccc2)n1C,"InChI=1S/C13H17N3O/c1-10-12(14(2)3)13(17)16(15(10)4)11-8-6-5-7-9-11/h5-9H,1-4H3",pkb,9.003,,HA scale,C,,A54,,,"pyrazole, 4-dimethylamino-2,3-dihydro-1,5-dimethyl-3-oxo-2-phenyl-","['OPSIN_name1', 'chemaxon_name1']",2,,perrin_supp,,B,,
perrin_supp5757,Cc1c(C(O)(c2ccc(N)cc2)c2ccc(N(C)C)cc2)c(=O)n(-c2ccccc2)n1C,"InChI=1S/C26H28N4O2/c1-18-24(25(31)30(29(18)4)23-8-6-5-7-9-23)26(32,19-10-14-21(27)15-11-19)20-12-16-22(17-13-20)28(2)3/h5-17,32H,27H2,1-4H3",pkb+,9.72,18,insufficient details,O,Uncertain,S36,,,"diphenylantipyrylcarbinol, 4-amino-4'-dimethylamino-",['manual_no_smiles'],1,,perrin_supp,,B,18+1,
perrin_supp5758,Cc1c(C(O)(c2ccc(N(C)C)cc2)c2ccc(N(C)C)cc2)c(=O)n(-c2ccccc2)n1C,"InChI=1S/C28H32N4O2/c1-20-26(27(33)32(31(20)6)25-10-8-7-9-11-25)28(34,21-12-16-23(17-13-21)29(2)3)22-14-18-24(19-15-22)30(4)5/h7-19,34H,1-6H3",pkb+,10.35,18,insufficient details,O,Uncertain,S36,,,"diphenylantipyrylcarbinol, 4,4'-bisdimethylamino-",['manual_no_smiles'],1,,perrin_supp,,B,18+1,
perrin_supp5759,Cc1c(C(O)(c2ccc(N(C)C)cc2)c2cccc(Br)c2)c(=O)n(-c2ccccc2)n1C,"InChI=1S/C26H26BrN3O2/c1-18-24(25(31)30(29(18)4)23-11-6-5-7-12-23)26(32,20-9-8-10-21(27)17-20)19-13-15-22(16-14-19)28(2)3/h5-17,32H,1-4H3",pkb+,6.86,18,insufficient details,O,Uncertain,S36,,,"diphenylantipyrylcarbinol, 3-bromo-4'-dimethylamino-",['manual_no_smiles'],1,,perrin_supp,,B,18+1,
perrin_supp5760,Cc1c(C(O)(c2ccc(Br)cc2)c2ccc(N(C)C)cc2)c(=O)n(-c2ccccc2)n1C,"InChI=1S/C26H26BrN3O2/c1-18-24(25(31)30(29(18)4)23-8-6-5-7-9-23)26(32,19-10-14-21(27)15-11-19)20-12-16-22(17-13-20)28(2)3/h5-17,32H,1-4H3",pkb+,7.3,18,insufficient details,O,Uncertain,S36,,,"diphenylantipyrylcarbinol, 4-bromo-4'-dimethylamino-",['manual_no_smiles'],1,,perrin_supp,,B,18+1,
perrin_supp5761,Cc1c(C(O)(c2ccc(N(C)C)cc2)c2cccc(Cl)c2)c(=O)n(-c2ccccc2)n1C,"InChI=1S/C26H26ClN3O2/c1-18-24(25(31)30(29(18)4)23-11-6-5-7-12-23)26(32,20-9-8-10-21(27)17-20)19-13-15-22(16-14-19)28(2)3/h5-17,32H,1-4H3",pkb+,7.06,18,insufficient details,O,Uncertain,S36,,,"diphenylantipyrylcarbinol, 3-chloro-4'-dimethylamino-",['manual_no_smiles'],1,,perrin_supp,,B,18+1,
perrin_supp5762,Cc1c(C(O)(c2ccc(Cl)cc2)c2ccc(N(C)C)cc2)c(=O)n(-c2ccccc2)n1C,"InChI=1S/C26H26ClN3O2/c1-18-24(25(31)30(29(18)4)23-8-6-5-7-9-23)26(32,19-10-14-21(27)15-11-19)20-12-16-22(17-13-20)28(2)3/h5-17,32H,1-4H3",pkb+,7.27,18,insufficient details,O,Uncertain,S36,,,"diphenylantipyrylcarbinol, 4-chloro-4'-dimethylamino-",['manual_no_smiles'],1,,perrin_supp,,B,18+1,
perrin_supp5763,Cc1c(C(O)(c2ccccc2)c2ccc(N(C)C)cc2)c(=O)n(-c2ccccc2)n1C,"InChI=1S/C26H27N3O2/c1-19-24(25(30)29(28(19)4)23-13-9-6-10-14-23)26(31,20-11-7-5-8-12-20)21-15-17-22(18-16-21)27(2)3/h5-18,31H,1-4H3",pkb+,7.65,18,insufficient details,O,Uncertain,S36,,,"diphenylantipyrylcarbinol, 4-dimethylamino-",['manual_no_smiles'],1,,perrin_supp,,B,18+1,
perrin_supp5764,COc1cccc(C(O)(c2ccc(N(C)C)cc2)c2c(C)n(C)n(-c3ccccc3)c2=O)c1,"InChI=1S/C27H29N3O3/c1-19-25(26(31)30(29(19)4)23-11-7-6-8-12-23)27(32,21-10-9-13-24(18-21)33-5)20-14-16-22(17-15-20)28(2)3/h6-18,32H,1-5H3",pkb+,7.38,18,insufficient details,O,Uncertain,S36,,,"diphenylantipyrylcarbinol, 4-dimethylamino-3'-methoxy-",['manual_no_smiles'],1,,perrin_supp,,B,18+1,
perrin_supp5765,COc1ccc(C(O)(c2ccc(N(C)C)cc2)c2c(C)n(C)n(-c3ccccc3)c2=O)cc1,"InChI=1S/C27H29N3O3/c1-19-25(26(31)30(29(19)4)23-9-7-6-8-10-23)27(32,21-13-17-24(33-5)18-14-21)20-11-15-22(16-12-20)28(2)3/h6-18,32H,1-5H3",pkb+,8.56,18,insufficient details,O,Uncertain,S36,,,"diphenylantipyrylcarbinol, 4-dimethylamino-4'-methoxy-",['manual_no_smiles'],1,,perrin_supp,,B,18+1,
perrin_supp5766,Cc1cccc(C(O)(c2ccc(N(C)C)cc2)c2c(C)n(C)n(-c3ccccc3)c2=O)c1,"InChI=1S/C27H29N3O2/c1-19-10-9-11-22(18-19)27(32,21-14-16-23(17-15-21)28(3)4)25-20(2)29(5)30(26(25)31)24-12-7-6-8-13-24/h6-18,32H,1-5H3",pkb+,7.78,18,insufficient details,O,Uncertain,S36,,,"diphenylantipyrylcarbinol, 4-dimethylamino-3'-methyl-",['manual_no_smiles'],1,,perrin_supp,,B,18+1,
perrin_supp5767,Cc1ccc(C(O)(c2ccc(N(C)C)cc2)c2c(C)n(C)n(-c3ccccc3)c2=O)cc1,"InChI=1S/C27H29N3O2/c1-19-11-13-21(14-12-19)27(32,22-15-17-23(18-16-22)28(3)4)25-20(2)29(5)30(26(25)31)24-9-7-6-8-10-24/h6-18,32H,1-5H3",pkb+,7.87,18,insufficient details,O,Uncertain,S36,,,"diphenylantipyrylcarbinol, 4-dimethylamino-4'-methyl-",['manual_no_smiles'],1,,perrin_supp,,B,18+1,
perrin_supp5768,Cc1c(C(O)(c2ccc(N(C)C)cc2)c2cccc([N+](=O)[O-])c2)c(=O)n(-c2ccccc2)n1C,"InChI=1S/C26H26N4O4/c1-18-24(25(31)29(28(18)4)22-10-6-5-7-11-22)26(32,19-13-15-21(16-14-19)27(2)3)20-9-8-12-23(17-20)30(33)34/h5-17,32H,1-4H3",pkb+,6.34,18,insufficient details,O,Uncertain,S36,,,"diphenylantipyrylcarbinol, 4-dimethylamino-3'-nitro-",['manual_no_smiles'],1,,perrin_supp,,B,18+1,
perrin_supp5769,Cc1c(C(O)(c2ccc(N(C)C)cc2)c2ccc([N+](=O)[O-])cc2)c(=O)n(-c2ccccc2)n1C,"InChI=1S/C26H26N4O4/c1-18-24(25(31)29(28(18)4)22-8-6-5-7-9-22)26(32,19-10-14-21(15-11-19)27(2)3)20-12-16-23(17-13-20)30(33)34/h5-17,32H,1-4H3",pkb+,6.11,18,insufficient details,O,Uncertain,S36,,,"diphenylantipyrylcarbinol, 4-dimethylamino-4'-nitro-",['manual_no_smiles'],1,,perrin_supp,,B,18+1,
perrin_supp5989,Cc1nc(O)nc(O)c1N(CCCl)CCCl,"InChI=1S/C9H13Cl2N3O2/c1-6-7(8(15)13-9(16)12-6)14(4-2-10)5-3-11/h2-5H2,1H3,(H2,12,13,15,16)",pkb1,10.3,10.3,,E,,E25,,,"pyrimidine, 5-[bis(2-chloroethyl)]amino-2,4-dihydroxy-6-methyl-","['OPSIN_name1', 'chemaxon_name1']",2,,perrin_supp,,B,,
perrin_supp5989,Cc1nc(O)nc(O)c1N(CCCl)CCCl,"InChI=1S/C9H13Cl2N3O2/c1-6-7(8(15)13-9(16)12-6)14(4-2-10)5-3-11/h2-5H2,1H3,(H2,12,13,15,16)",pkb2,12.2,10.3,,E,,E25,,,"pyrimidine, 5-[bis(2-chloroethyl)]amino-2,4-dihydroxy-6-methyl-","['OPSIN_name1', 'chemaxon_name1']",2,,perrin_supp,,B,,
perrin_supp6129,CCc1nc(N)nc(N)c1-c1ccc(Cl)cc1,"InChI=1S/C12H13ClN4/c1-2-9-10(11(14)17-12(15)16-9)7-3-5-8(13)6-4-7/h3-6H,2H2,1H3,(H4,14,15,16,17)",pkb,8.4,,,E,,E25,,,"pyrimidine, 2,4-diamino-5-(p-chlorophenyl)-6-ethyl-","['OPSIN_name1', 'chemaxon_name1', 'cirpy_name1', 'pubchem_name1']",4,,perrin_supp,,B,,
perrin_supp6577,c1nc[nH]n1,"InChI=1S/C2H3N3/c1-3-2-5-4-1/h1-2H,(H,3,4,5)",pkb1,11.02,,C=0.01M,,,B2,,,"1,2,4-Triazole","['OPSIN_name1', 'chemaxon_name1', 'cirpy_name1', 'pubchem_name1']",4,,perrin_supp,,B,,
perrin_supp6578,Nc1nc[nH]n1,"InChI=1S/C2H4N4/c3-2-4-1-5-6-2/h1H,(H3,3,4,5,6)",pkb1,9.5,,C=0.01M,,,B2,,,"1,2,4-Triazole, 3-amino-",['manual_inconsistent'],1,,perrin_supp,,B,,
perrin_supp6579,Nn1cnnc1,"InChI=1S/C2H4N4/c3-6-1-4-5-2-6/h1-2H,3H2",pkb,10.77,,,,,B2,,,"1,2,4-Triazole, 4-amino-","['OPSIN_name1', 'chemaxon_name1']",2,,perrin_supp,,B,,
perrin_supp6580,Nc1nc(-c2n[nH]c(N)n2)n[nH]1,"InChI=1S/C4H6N8/c5-3-7-1(9-11-3)2-8-4(6)12-10-2/h(H3,5,7,9,11)(H3,6,8,10,12)",pkb,10.06,,,,,B2,,,"1,2,4-Triazole, 5-amino-3-[3'-(5-amino-1,2,4-triazolyl)]-","['chemaxon_name1', 'manual_only_one']",2,,perrin_supp,,B,,
perrin_supp6581,Nc1nc(CCc2n[nH]c(N)n2)n[nH]1,"InChI=1S/C6H10N8/c7-5-9-3(11-13-5)1-2-4-10-6(8)14-12-4/h1-2H2,(H3,7,9,11,13)(H3,8,10,12,14)",pkb1,9.14,,,,,B2,,,"1,2,4-Triazole, 5-amino-3-[3'-(5-amino-1,2,4-triazolyl)]ethyl-","['chemaxon_name1', 'manual_only_one']",2,,perrin_supp,,B,,
perrin_supp6581,Nc1nc(CCc2n[nH]c(N)n2)n[nH]1,"InChI=1S/C6H10N8/c7-5-9-3(11-13-5)1-2-4-10-6(8)14-12-4/h1-2H2,(H3,7,9,11,13)(H3,8,10,12,14)",pkb2,10.3,,,,,B2,,,"1,2,4-Triazole, 5-amino-3-[3'-(5-amino-1,2,4-triazolyl)]ethyl-","['chemaxon_name1', 'manual_only_one']",2,,perrin_supp,,B,,
perrin_supp6582,Nc1nc(Cc2n[nH]c(N)n2)n[nH]1,"InChI=1S/C5H8N8/c6-4-8-2(10-12-4)1-3-9-5(7)13-11-3/h1H2,(H3,6,8,10,12)(H3,7,9,11,13)",pkb1,9.95,,,,,B2,,,"1,2,4-Triazole, 5-amino-3-[3'-(5-amino-1,2,4-triazolyl)]methyl-","['chemaxon_name1', 'manual_only_one']",2,,perrin_supp,,B,,
perrin_supp6582,Nc1nc(Cc2n[nH]c(N)n2)n[nH]1,"InChI=1S/C5H8N8/c6-4-8-2(10-12-4)1-3-9-5(7)13-11-3/h1H2,(H3,6,8,10,12)(H3,7,9,11,13)",pkb2,10.7,,,,,B2,,,"1,2,4-Triazole, 5-amino-3-[3'-(5-amino-1,2,4-triazolyl)]methyl-","['chemaxon_name1', 'manual_only_one']",2,,perrin_supp,,B,,
perrin_supp6583,CCc1nnc(CC)n1N,"InChI=1S/C6H12N4/c1-3-5-8-9-6(4-2)10(5)7/h3-4,7H2,1-2H3",pkb,9.87,,,,,B2,,,"1,2,4-Triazole, 4-amino-3,5-diethyl-","['OPSIN_name1', 'chemaxon_name1']",2,,perrin_supp,,B,,
perrin_supp6584,Cc1nnc(C)n1N,"InChI=1S/C4H8N4/c1-3-6-7-4(2)8(3)5/h5H2,1-2H3",pkb,10.34,,,,,B2,,,"1,2,4-Triazole, 4-amino-3,5-dimethyl-","['OPSIN_name1', 'chemaxon_name1']",2,,perrin_supp,,B,,
perrin_supp6585,CCCc1nnc(CCC)n1N,"InChI=1S/C8H16N4/c1-3-5-7-10-11-8(6-4-2)12(7)9/h3-6,9H2,1-2H3",pkb,9.7,,,,,B2,,,"1,2,4-Triazole, 4-amino-3,5-dipropyl-","['OPSIN_name1', 'chemaxon_name1']",2,,perrin_supp,,B,,
perrin_supp6586,Cc1nc(N)n[nH]1,"InChI=1S/C3H6N4/c1-2-5-3(4)7-6-2/h1H3,(H3,4,5,6,7)",pkb,9.32,,,,,B2,,,"1,2,4-Triazole, 3-amino-5-methyl-","['OPSIN_name1', 'chemaxon_name1']",2,,perrin_supp,,B,,
perrin_supp6587,Cn1ncnc1N,"InChI=1S/C3H6N4/c1-7-3(4)5-2-6-7/h2H,1H3,(H2,4,5,6)",pkb,9.8,,C=0.01M,,,B81,,,"1,2,4-Triazole, 5-amino-1-methyl-","['OPSIN_name1', 'chemaxon_name1']",2,,perrin_supp,,B,,
perrin_supp6589,Nc1n[nH]c(-c2ccccc2)n1,"InChI=1S/C8H8N4/c9-8-10-7(11-12-8)6-4-2-1-3-5-6/h1-5H,(H3,9,10,11,12)",pkb,10.07,,,,,B2,,,"1,2,4-Triazole, 3-amino-5-phenyl-","['OPSIN_name1', 'chemaxon_name1']",2,,perrin_supp,,B,,
perrin_supp6591,CCc1nnc(CC)n1NCC(C)([N+](=O)[O-])[N+](=O)[O-],"InChI=1S/C9H16N6O4/c1-4-7-11-12-8(5-2)13(7)10-6-9(3,14(16)17)15(18)19/h10H,4-6H2,1-3H3",pkb,10.43,,titration of hydrochloride,,,B2,,,"1,2,4-Triazole, 3,5-diethyl-4-(2,2-dinitro)propylamino-","['OPSIN_name1', 'manual_only_one']",2,,perrin_supp,,B,,
perrin_supp6591,CCc1nnc(CC)n1NCC(C)([N+](=O)[O-])[N+](=O)[O-],"InChI=1S/C9H16N6O4/c1-4-7-11-12-8(5-2)13(7)10-6-9(3,14(16)17)15(18)19/h10H,4-6H2,1-3H3",pkb,10.7,,titration of hydrochloride,,,B2,,,"1,2,4-Triazole, 3,5-diethyl-4-(2,2-dinitro)propylamino-","['OPSIN_name1', 'manual_only_one']",2,,perrin_supp,,B,,
perrin_supp6592,Cc1nnc(C)n1NCC(C)([N+](=O)[O-])[N+](=O)[O-],"InChI=1S/C7H12N6O4/c1-5-9-10-6(2)11(5)8-4-7(3,12(14)15)13(16)17/h8H,4H2,1-3H3",pkb,10.4,,,,,B2,,,"1,2,4-Triazole, 3,5-dimethyl-4-(2,2-dinitro)propylamino-","['OPSIN_name1', 'manual_only_one']",2,,perrin_supp,,B,,
perrin_supp6593,CC(CNn1cnnc1)([N+](=O)[O-])[N+](=O)[O-],"InChI=1S/C5H8N6O4/c1-5(10(12)13,11(14)15)2-8-9-3-6-7-4-9/h3-4,8H,2H2,1H3",pkb,10.78,,,,,B2,,,"1,2,4-Triazole, 4-(2,2-dinitro)propylamino-","['OPSIN_name1', 'manual_only_one']",2,,perrin_supp,,B,,
perrin_supp6594,CCCc1nnc(CCC)n1NCC(C)([N+](=O)[O-])[N+](=O)[O-],"InChI=1S/C11H20N6O4/c1-4-6-9-13-14-10(7-5-2)15(9)12-8-11(3,16(18)19)17(20)21/h12H,4-8H2,1-3H3",pkb,10.15,,,,,B2,,,"1,2,4-Triazole, 4-(2,2-dinitro)propylamino-3,5-dipropyl-","['OPSIN_name1', 'manual_only_one']",2,,perrin_supp,,B,,
perrin_supp6596,Cn1cncn1,"InChI=1S/C3H5N3/c1-6-3-4-2-5-6/h2-3H,1H3",pkb,10.8,,,,,B2,,,"1,2,4-Triazole, 1-methyl-","['OPSIN_name1', 'chemaxon_name1']",2,,perrin_supp,,B,,
perrin_supp6597,Cc1nc[nH]n1,"InChI=1S/C3H5N3/c1-3-4-2-5-6-3/h2H,1H3,(H,4,5,6)",pkb,10.32,,C=0.01M,,,B2,,,"1,2,4-Triazole, 3-methyl-","['OPSIN_name1', 'chemaxon_name1']",2,,perrin_supp,,B,,
perrin_supp6598,Cn1cnnc1,"InChI=1S/C3H5N3/c1-6-2-4-5-3-6/h2-3H,1H3",pkb,10.6,,,,,B2,,,"1,2,4-Triazole, 4-methyl-","['OPSIN_name1', 'chemaxon_name1']",2,,perrin_supp,,B,,
perrin_supp6651,COc1cc(NCCCC(C)N)c2ncccc2c1,"InChI=1S/C15H21N3O/c1-11(16)5-3-7-17-14-10-13(19-2)9-12-6-4-8-18-15(12)14/h4,6,8-11,17H,3,5,7,16H2,1-2H3",pkb1,3.7,,,E,,E25,,,"quinoline, 8-[(4-amino-4-methylbutyl)amino]-6-methoxy-","['OPSIN_name1', 'chemaxon_name1']",2,,perrin_supp,,B,,
perrin_supp6651,COc1cc(NCCCC(C)N)c2ncccc2c1,"InChI=1S/C15H21N3O/c1-11(16)5-3-7-17-14-10-13(19-2)9-12-6-4-8-18-15(12)14/h4,6,8-11,17H,3,5,7,16H2,1-2H3",pkb2,10.7,,,E,,E25,,,"quinoline, 8-[(4-amino-4-methylbutyl)amino]-6-methoxy-","['OPSIN_name1', 'chemaxon_name1']",2,,perrin_supp,,B,,
perrin_supp6776,NNc1nncc2ccccc12,"InChI=1S/C8H8N4/c9-11-8-7-4-2-1-3-6(7)5-10-12-8/h1-5H,9H2,(H,11,12)",pkb,6.9,,I=0.1(KCl),E,,E25,,,"phthalazine, 1-hydrazino-","['OPSIN_name1', 'chemaxon_name1', 'cirpy_name1', 'pubchem_name1']",4,,perrin_supp,,B,,
perrin_supp7377,CCN(CC)CCCC(C)Nc1c2ccc(Cl)cc2nc2ccc(OC)cc12,"InChI=1S/C23H30ClN3O/c1-5-27(6-2)13-7-8-16(3)25-23-19-11-9-17(24)14-22(19)26-21-12-10-18(28-4)15-20(21)23/h9-12,14-16H,5-8,13H2,1-4H3,(H,25,26)",pkb1,4.1,,,E,,E25,,,"acridine, 3-chloro-7-methoxy-9-(1-methyl-4-diethylaminobutylamino)-","['OPSIN_name1', 'chemaxon_name1']",2,,perrin_supp,,B,,
perrin_supp7377,CCN(CC)CCCC(C)Nc1c2ccc(Cl)cc2nc2ccc(OC)cc12,"InChI=1S/C23H30ClN3O/c1-5-27(6-2)13-7-8-16(3)25-23-19-11-9-17(24)14-22(19)26-21-12-10-18(28-4)15-20(21)23/h9-12,14-16H,5-8,13H2,1-4H3,(H,25,26)",pkb2,7.5,,,E,,E25,,,"acridine, 3-chloro-7-methoxy-9-(1-methyl-4-diethylaminobutylamino)-","['OPSIN_name1', 'chemaxon_name1']",2,,perrin_supp,,B,,
perrin_supp7428,NC(=O)C1CCN(CCCN2c3ccccc3Sc3ccc(Cl)cc32)CC1,"InChI=1S/C21H24ClN3OS/c22-16-6-7-20-18(14-16)25(17-4-1-2-5-19(17)27-20)11-3-10-24-12-8-15(9-13-24)21(23)26/h1-2,4-7,14-15H,3,8-13H2,(H2,23,26)",pkb,5.4,not_stated,,E3dg,Uncertain,C10,,,"phenothiazine, 10-[N-(4-carbamoyl)piperidinyl]propyl-2-chloro-",['manual_no_smiles'],1,,perrin_supp,,B,,
perrin_supp7429,CN(C)CCCN1c2ccccc2Sc2ccc(Cl)cc21,"InChI=1S/C17H19ClN2S/c1-19(2)10-5-11-20-14-6-3-4-7-16(14)21-17-9-8-13(18)12-15(17)20/h3-4,6-9,12H,5,10-11H2,1-2H3",pkb,4.78,not_stated,,E3dg,Uncertain,C10,,,"phenothiazine, 2-chloro-10-(3-dimethylaminopropyl)-","['OPSIN_name1', 'chemaxon_name1']",2,,perrin_supp,,B,,
perrin_supp7431,CN1CCN(CCCN2c3ccccc3Sc3ccc(Cl)cc32)CC1,"InChI=1S/C20H24ClN3S/c1-22-11-13-23(14-12-22)9-4-10-24-17-5-2-3-6-19(17)25-20-8-7-16(21)15-18(20)24/h2-3,5-8,15H,4,9-14H2,1H3",pkb1,6.46,not_stated,,E3dg,Uncertain,C10,,,"phenothiazine, 2-chloro-10-(N-methyl)piperazinylpropyl-",['manual_no_smiles'],1,,perrin_supp,,B,,
perrin_supp7431,CN1CCN(CCCN2c3ccccc3Sc3ccc(Cl)cc32)CC1,"InChI=1S/C20H24ClN3S/c1-22-11-13-23(14-12-22)9-4-10-24-17-5-2-3-6-19(17)25-20-8-7-16(21)15-18(20)24/h2-3,5-8,15H,4,9-14H2,1H3",pkb2,10.4,not_stated,,E3dg,Uncertain,C10,,,"phenothiazine, 2-chloro-10-(N-methyl)piperazinylpropyl-",['manual_no_smiles'],1,,perrin_supp,,B,,
perrin_supp7433,CCN(CC)CCN1c2ccccc2Sc2ccccc21,"InChI=1S/C18H22N2S/c1-3-19(4-2)13-14-20-15-9-5-7-11-17(15)21-18-12-8-6-10-16(18)20/h5-12H,3-4,13-14H2,1-2H3",pkb,7,,,E,,E25,,,"phenothiazine, 10-(2-diethylaminoethyl)-","['OPSIN_name1', 'chemaxon_name1']",2,,perrin_supp,,B,,
perrin_supp7434,COc1ccc2c(c1)N(CC(C)CN(C)C)c1ccccc1S2,"InChI=1S/C19H24N2OS/c1-14(12-20(2)3)13-21-16-7-5-6-8-18(16)23-19-10-9-15(22-4)11-17(19)21/h5-11,14H,12-13H2,1-4H3",pkb,4.85,not_stated,,E3dg,Uncertain,C10,,,"phenothiazine, 10-(2-dimethylaminomethyl)propyl-2-methoxy-","['chemaxon_name1', 'manual_only_one']",2,,perrin_supp,,B,,
perrin_supp7435,CC(CN1c2ccccc2Sc2ccccc21)N(C)C,"InChI=1S/C17H20N2S/c1-13(18(2)3)12-19-14-8-4-6-10-16(14)20-17-11-7-5-9-15(17)19/h4-11,13H,12H2,1-3H3",pkb,4.9,not_stated,,E3dg,Uncertain,C10,,,"phenothiazine, 10-(2-dimethylaminopropyl)-","['OPSIN_name1', 'chemaxon_name1', 'cirpy_name1', 'pubchem_name1']",4,,perrin_supp,,B,,
perrin_supp7437,CN(C)CCCN1c2ccccc2Sc2ccc(C(F)(F)F)cc21,"InChI=1S/C18H19F3N2S/c1-22(2)10-5-11-23-14-6-3-4-7-16(14)24-17-9-8-13(12-15(17)23)18(19,20)21/h3-4,6-9,12H,5,10-11H2,1-2H3",pkb,4.59,not_stated,,E3dg,Uncertain,C10,,,"phenothiazine, 10-(3-dimethylaminopropyl)-2-trifluoromethyl-","['OPSIN_name1', 'chemaxon_name1']",2,,perrin_supp,,B,,
perrin_supp7439,CSc1ccc2c(c1)N(CCC1CCCCN1C)c1ccccc1S2,"InChI=1S/C21H26N2S2/c1-22-13-6-5-7-16(22)12-14-23-18-8-3-4-9-20(18)25-21-11-10-17(24-2)15-19(21)23/h3-4,8-11,15-16H,5-7,12-14H2,1-2H3",pkb,4.84,not_stated,,E3dg,Uncertain,C10,,,"phenothiazine, 10-[2-(N-methyl)piperidinyl]ethyl-2-methylthio-","['chemaxon_name1', 'manual_only_one']",2,,perrin_supp,,B,,
perrin_supp7441,c1ccc2c(c1)Sc1ccccc1N2CCN1CCCC1,"InChI=1S/C18H20N2S/c1-3-9-17-15(7-1)20(14-13-19-11-5-6-12-19)16-8-2-4-10-18(16)21-17/h1-4,7-10H,5-6,11-14H2",pkb,5.09,not_stated,,E3dg,Uncertain,C10,,,"phenothiazine, 10-(N-pyrrolidinyl)ethyl-","['OPSIN_name1', 'chemaxon_name1']",2,,perrin_supp,,B,,
perrin_supp7463,CN1C2CC=C(C(=O)O)C1CC2,"InChI=1S/C9H13NO2/c1-10-6-2-4-7(9(11)12)8(10)5-3-6/h4,6,8H,2-3,5H2,1H3,(H,11,12)",pkb,10.2,,Change of optical rotation with pH,,,A57,,,Anhydroecgonine,"['cirpy_name1', 'pubchem_name1']",2,,perrin_supp,,B,,
perrin_supp7465,C=C[C@H]1CN2CC[C@H]1C[C@@H]2[C@@H](O)c1ccnc2ccccc12,"InChI=1S/C19H22N2O/c1-2-13-12-21-10-8-14(13)11-18(21)19(22)16-7-9-20-17-6-4-3-5-15(16)17/h2-7,9,13-14,18-19,22H,1,8,10-12H2/t13-,14-,18+,19-/m0/s1",pkb1,5.85,,,,,D18,,,Cinchonine,"['chemaxon_name1', 'cirpy_name1']",2,,perrin_supp,,B,,
perrin_supp7465,C=C[C@H]1CN2CC[C@H]1C[C@@H]2[C@@H](O)c1ccnc2ccccc12,"InChI=1S/C19H22N2O/c1-2-13-12-21-10-8-14(13)11-18(21)19(22)16-7-9-20-17-6-4-3-5-15(16)17/h2-7,9,13-14,18-19,22H,1,8,10-12H2/t13-,14-,18+,19-/m0/s1",pkb2,9.96,,,,,D18,,,Cinchonine,"['chemaxon_name1', 'cirpy_name1']",2,,perrin_supp,,B,,
perrin_supp7472,CN1[C@H]2CC[C@@H]1[C@@H](C(=O)O)[C@@H](O)C2,"InChI=1S/C9H15NO3/c1-10-5-2-3-6(10)8(9(12)13)7(11)4-5/h5-8,11H,2-4H2,1H3,(H,12,13)/t5-,6+,7-,8+/m0/s1",pkb,11.2,,Change of optical rotation with pH,,,A57,,,Ecgonine,['manual_inconsistent'],1,,perrin_supp,,B,,
perrin_supp7481,Cc1nc2c(c(=O)n(C)c(=O)n2C)n1C,InChI=1S/C9H12N4O2/c1-5-10-7-6(11(5)2)8(14)13(4)9(15)12(7)3/h1-4H3,pkb,11.4,,,E,,E25,,,Methylcaffeine,['manual_inconsistent'],1,,perrin_supp,,B,,
perrin_supp7488,C=C[C@H]1CN2CC[C@H]1C[C@@H]2[C@@H](O)c1ccnc2ccc(OC)cc12,"InChI=1S/C20H24N2O2/c1-3-13-12-22-9-7-14(13)10-19(22)20(23)16-6-8-21-18-5-4-15(24-2)11-17(16)18/h3-6,8,11,13-14,19-20,23H,1,7,9-10,12H2,2H3/t13-,14-,19+,20-/m0/s1",pkb1,5.46,,,,,D18,,,Quinidine,"['chemaxon_name1', 'cirpy_name1']",2,,perrin_supp,,B,,
perrin_supp7488,C=C[C@H]1CN2CC[C@H]1C[C@@H]2[C@@H](O)c1ccnc2ccc(OC)cc12,"InChI=1S/C20H24N2O2/c1-3-13-12-22-9-7-14(13)10-19(22)20(23)16-6-8-21-18-5-4-15(24-2)11-17(16)18/h3-6,8,11,13-14,19-20,23H,1,7,9-10,12H2,2H3/t13-,14-,19+,20-/m0/s1",pkb2,10,,,,,D18,,,Quinidine,"['chemaxon_name1', 'cirpy_name1']",2,,perrin_supp,,B,,
perrin_supp7490,Cn1c(=O)c2[nH]cnc2n(C)c1=O,"InChI=1S/C7H8N4O2/c1-10-5-4(8-3-9-5)6(12)11(2)7(10)13/h3H,1-2H3,(H,8,9)",pkb,11.5,,Rate of hydrolysis of methyl acetate,E,,E25,,,Theophylline,"['OPSIN_name1', 'chemaxon_name1', 'cirpy_name1', 'pubchem_name1']",4,,perrin_supp,,B,,
perrin_supp7856,CNC[C@H](O)[C@@H](O)[C@H](O)[C@H](O)CO,"InChI=1S/C7H17NO5/c1-8-2-4(10)6(12)7(13)5(11)3-9/h4-13H,2-3H2,1H3/t4-,5+,6+,7+/m0/s1",pkb,4.83,22,,E,Uncertain,B3,,,Methylglucamine,"['OPSIN_name1', 'chemaxon_name1', 'cirpy_name1', 'pubchem_name1']",4,,perrin_supp,,B,,
perrin_supp8208,N#Cc1cccc(NN)c1,"InChI=1S/C7H7N3/c8-5-6-2-1-3-7(4-6)10-9/h1-4,10H,9H2",pkb,9.5,not_stated,"pKb, extrapolated from dioxan-water values",not stated,Uncertain,W13a,,,"hydrazine, (3-cyano)phenyl-","['OPSIN_name1', 'manual_only_one']",2,,perrin_supp,,B,,from dioxan-water
perrin_supp8209,N#Cc1ccc(NN)cc1,"InChI=1S/C7H7N3/c8-5-6-1-3-7(10-9)4-2-6/h1-4,10H,9H2",pkb,10.02,not_stated,"pKb, extrapolated from dioxan-water values",not stated,Uncertain,W13a,,,"hydrazine, (4-cyano)phenyl-","['OPSIN_name1', 'manual_only_one']",2,,perrin_supp,,B,,from dioxan-water
perrin_supp8231,NNc1cccc(I)c1,"InChI=1S/C6H7IN2/c7-5-2-1-3-6(4-5)9-8/h1-4,9H,8H2",pkb,9.23,not_stated,"pKb, extrapolated from dioxan-water values",not stated,Uncertain,W13a,,,"hydrazine, 3-iodophenyl-","['OPSIN_name1', 'chemaxon_name1']",2,,perrin_supp,,B,,dioxan-water
perrin_supp8232,NNc1ccc(I)cc1,"InChI=1S/C6H7IN2/c7-5-1-3-6(9-8)4-2-5/h1-4,9H,8H2",pkb,9.1,not_stated,"pKb, extrapolated from dioxan-water values",not stated,Uncertain,W13a,,,"hydrazine, 4-iodophenyl-","['OPSIN_name1', 'chemaxon_name1']",2,,perrin_supp,,B,,dioxan-water
perrin_supp8255,NNc1ccc(Oc2ccccc2)cc1,"InChI=1S/C12H12N2O/c13-14-10-6-8-12(9-7-10)15-11-4-2-1-3-5-11/h1-9,14H,13H2",pkb,8.64,not_stated,"pKb, extrapolated from dioxan-water values",not stated,Uncertain,W13a,,,"hydrazine, 4-phenoxyphenyl-","['OPSIN_name1', 'chemaxon_name1']",2,,perrin_supp,,B,,dioxan-water
